id,target,split,time_of_alert,time_of_event,video_path,max_risk_score,mean_risk_score,p90_risk_score,frames_scored,frames_above_threshold,fraction_above_threshold,first_false_alert_time,top_risk_timestamp,top_risk_score,top_prob_class_2,top_prob_class_3,risk_segments_above_threshold,longest_segment_seconds,frames_above_0_5,fraction_above_0_5,frames_above_0_64,fraction_above_0_64
00071,1,val,18.933,19.833,C:\Users\z004hn4c\Documents\Estudo\LLMOps And AIOps Bootcamp With 8 End To End Projects\nexar-dashcam-collision-prediction\data\raw\train\00071.mp4,0.8831024169921875,0.6766744933010619,0.8525680303573608,81,50,0.6172839506172839,0.0,2.5,0.8831024169921875,0.1450136303901672,0.7380887866020203,3,14.0,66,0.8148148148148148,50,0.6172839506172839
00004,1,val,19.167,19.367,C:\Users\z004hn4c\Documents\Estudo\LLMOps And AIOps Bootcamp With 8 End To End Projects\nexar-dashcam-collision-prediction\data\raw\train\00004.mp4,0.8788101673126221,0.6796604882419846,0.8480477333068848,81,55,0.6790123456790124,2.0,30.0,0.8788101673126221,0.1584894210100174,0.7203207612037659,4,20.0,68,0.8395061728395061,55,0.6790123456790124
00819,1,val,15.449,19.52,C:\Users\z004hn4c\Documents\Estudo\LLMOps And AIOps Bootcamp With 8 End To End Projects\nexar-dashcam-collision-prediction\data\raw\train\00819.mp4,0.8410771489143372,0.7109277151525021,0.8069331049919128,80,66,0.825,0.0,30.5,0.8410771489143372,0.1790549159049987,0.6620222330093384,6,20.5,77,0.9625,66,0.825
00143,1,val,18.929,20.074,C:\Users\z004hn4c\Documents\Estudo\LLMOps And AIOps Bootcamp With 8 End To End Projects\nexar-dashcam-collision-prediction\data\raw\train\00143.mp4,0.8340610861778259,0.7262532629072667,0.8039221644401551,80,70,0.875,0.5,12.0,0.8340610861778259,0.2483163028955459,0.5857447981834412,6,19.5,77,0.9625,70,0.875
00809,1,val,17.9,20.067,C:\Users\z004hn4c\Documents\Estudo\LLMOps And AIOps Bootcamp With 8 End To End Projects\nexar-dashcam-collision-prediction\data\raw\train\00809.mp4,0.8338293433189392,0.5969352409427549,0.741548478603363,81,31,0.38271604938271603,0.0,12.5,0.8338293433189392,0.1778860837221145,0.6559432744979858,8,5.0,63,0.7777777777777778,31,0.38271604938271603
00013,1,val,18.6,20.567,C:\Users\z004hn4c\Documents\Estudo\LLMOps And AIOps Bootcamp With 8 End To End Projects\nexar-dashcam-collision-prediction\data\raw\train\00013.mp4,0.8279683589935303,0.5823217967525125,0.7434955656528475,80,51,0.6375,0.5,16.0,0.8279683589935303,0.2389409840106964,0.5890273451805115,8,12.0,64,0.8,51,0.6375
00174,1,val,19.0,20.0,C:\Users\z004hn4c\Documents\Estudo\LLMOps And AIOps Bootcamp With 8 End To End Projects\nexar-dashcam-collision-prediction\data\raw\train\00174.mp4,0.8238338232040405,0.6926675490391108,0.7816245555877686,81,67,0.8271604938271605,0.0,1.0,0.8238338232040405,0.27276811003685,0.5510657429695129,10,11.0,81,1.0,67,0.8271604938271605
00659,1,val,10.842,11.789,C:\Users\z004hn4c\Documents\Estudo\LLMOps And AIOps Bootcamp With 8 End To End Projects\nexar-dashcam-collision-prediction\data\raw\train\00659.mp4,0.8227059841156006,0.4504038221560992,0.6769734621047974,65,11,0.16923076923076924,0.0,6.5,0.8227059841156006,0.1297158896923065,0.6929901242256165,2,2.5,26,0.4,11,0.16923076923076924
00194,1,val,17.29,20.329,C:\Users\z004hn4c\Documents\Estudo\LLMOps And AIOps Bootcamp With 8 End To End Projects\nexar-dashcam-collision-prediction\data\raw\train\00194.mp4,0.8141542077064514,0.5508471727371216,0.7172887325286865,81,25,0.30864197530864196,19.5,29.0,0.8141542077064514,0.1331123113632202,0.6810418963432312,5,8.0,50,0.6172839506172839,25,0.30864197530864196
00123,1,val,18.133,19.467,C:\Users\z004hn4c\Documents\Estudo\LLMOps And AIOps Bootcamp With 8 End To End Projects\nexar-dashcam-collision-prediction\data\raw\train\00123.mp4,0.8076912760734558,0.7131254934683079,0.7721922874450684,82,73,0.8902439024390244,0.0,19.5,0.8076912760734558,0.1941040307283401,0.6135872602462769,5,15.5,82,1.0,73,0.8902439024390244
00491,1,val,18.867,20.1,C:\Users\z004hn4c\Documents\Estudo\LLMOps And AIOps Bootcamp With 8 End To End Projects\nexar-dashcam-collision-prediction\data\raw\train\00491.mp4,0.8067759275436401,0.6761985667693762,0.7456048727035522,81,61,0.7530864197530864,3.5,20.5,0.8067759275436401,0.2374478429555893,0.5693280696868896,4,20.5,76,0.9382716049382716,61,0.7530864197530864
00226,1,val,18.333,19.433,C:\Users\z004hn4c\Documents\Estudo\LLMOps And AIOps Bootcamp With 8 End To End Projects\nexar-dashcam-collision-prediction\data\raw\train\00226.mp4,0.8041467666625977,0.6515300949899162,0.7739382982254028,82,52,0.6341463414634146,0.0,25.0,0.8041467666625977,0.1507427990436554,0.6534039974212646,6,16.5,70,0.8536585365853658,52,0.6341463414634146
00068,1,val,16.733,19.9,C:\Users\z004hn4c\Documents\Estudo\LLMOps And AIOps Bootcamp With 8 End To End Projects\nexar-dashcam-collision-prediction\data\raw\train\00068.mp4,0.802017092704773,0.6670137342111564,0.7795287370681763,81,50,0.6172839506172839,0.0,32.0,0.802017092704773,0.1367174685001373,0.6652995944023132,6,20.5,70,0.8641975308641975,50,0.6172839506172839
00078,1,val,18.0,18.933,C:\Users\z004hn4c\Documents\Estudo\LLMOps And AIOps Bootcamp With 8 End To End Projects\nexar-dashcam-collision-prediction\data\raw\train\00078.mp4,0.7989221811294556,0.5185103401353087,0.7305974721908569,79,16,0.20253164556962025,4.5,19.0,0.7989221811294556,0.0947249084711074,0.7041972875595093,3,3.5,45,0.569620253164557,16,0.20253164556962025
00106,1,val,16.9,18.1,C:\Users\z004hn4c\Documents\Estudo\LLMOps And AIOps Bootcamp With 8 End To End Projects\nexar-dashcam-collision-prediction\data\raw\train\00106.mp4,0.7979349493980408,0.459801215725609,0.6660843253135682,79,13,0.16455696202531644,10.5,30.5,0.7979349493980408,0.1939115077257156,0.6040234565734863,4,2.5,33,0.4177215189873418,13,0.16455696202531644
00363,1,val,17.637,19.107,C:\Users\z004hn4c\Documents\Estudo\LLMOps And AIOps Bootcamp With 8 End To End Projects\nexar-dashcam-collision-prediction\data\raw\train\00363.mp4,0.7952163815498352,0.632287679631033,0.7722420692443848,81,51,0.6296296296296297,0.0,19.0,0.7952163815498352,0.1820208579301834,0.613195538520813,3,11.0,69,0.8518518518518519,51,0.6296296296296297
00658,1,val,18.846,19.247,C:\Users\z004hn4c\Documents\Estudo\LLMOps And AIOps Bootcamp With 8 End To End Projects\nexar-dashcam-collision-prediction\data\raw\train\00658.mp4,0.7925618886947632,0.4450475041095803,0.6355169594287873,82,7,0.08536585365853659,9.5,20.5,0.7925618886947632,0.1811136305332183,0.6114482879638672,3,1.0,29,0.35365853658536583,7,0.08536585365853659
00259,1,val,18.483,19.43,C:\Users\z004hn4c\Documents\Estudo\LLMOps And AIOps Bootcamp With 8 End To End Projects\nexar-dashcam-collision-prediction\data\raw\train\00259.mp4,0.7913249731063843,0.49889413570916213,0.6645815968513489,81,13,0.16049382716049382,5.5,19.5,0.7913249731063843,0.1207792162895202,0.670545756816864,7,2.0,41,0.5061728395061729,13,0.16049382716049382
00224,1,val,17.633,19.367,C:\Users\z004hn4c\Documents\Estudo\LLMOps And AIOps Bootcamp With 8 End To End Projects\nexar-dashcam-collision-prediction\data\raw\train\00224.mp4,0.7907230854034424,0.6700919361054143,0.7657468676567077,79,45,0.569620253164557,6.0,30.5,0.7907230854034424,0.1607117652893066,0.6300113201141357,3,19.5,79,1.0,45,0.569620253164557
00554,1,val,18.288,20.182,C:\Users\z004hn4c\Documents\Estudo\LLMOps And AIOps Bootcamp With 8 End To End Projects\nexar-dashcam-collision-prediction\data\raw\train\00554.mp4,0.7905795574188232,0.6809318312156347,0.7349317669868469,81,66,0.8148148148148148,1.5,14.0,0.7905795574188232,0.1308020502328872,0.6597775220870972,8,11.0,80,0.9876543209876543,66,0.8148148148148148
00341,1,val,16.975,19.481,C:\Users\z004hn4c\Documents\Estudo\LLMOps And AIOps Bootcamp With 8 End To End Projects\nexar-dashcam-collision-prediction\data\raw\train\00341.mp4,0.7893037796020508,0.483130800287898,0.7591107189655304,82,21,0.25609756097560976,0.0,2.0,0.7893037796020508,0.2433658838272094,0.5459378957748413,2,9.0,32,0.3902439024390244,21,0.25609756097560976
00626,1,val,18.333,19.867,C:\Users\z004hn4c\Documents\Estudo\LLMOps And AIOps Bootcamp With 8 End To End Projects\nexar-dashcam-collision-prediction\data\raw\train\00626.mp4,0.7872751951217651,0.533535114960906,0.6767863035202026,81,20,0.24691358024691357,1.0,17.5,0.7872751951217651,0.3245061635971069,0.4627690017223358,9,2.0,57,0.7037037037037037,20,0.24691358024691357
00958,1,val,17.611,19.081,C:\Users\z004hn4c\Documents\Estudo\LLMOps And AIOps Bootcamp With 8 End To End Projects\nexar-dashcam-collision-prediction\data\raw\train\00958.mp4,0.7862598299980164,0.5753817322813435,0.7255818247795105,81,30,0.37037037037037035,0.5,1.0,0.7862598299980164,0.2418215125799179,0.5444383025169373,9,5.5,58,0.7160493827160493,30,0.37037037037037035
00529,1,val,18.629,19.805,C:\Users\z004hn4c\Documents\Estudo\LLMOps And AIOps Bootcamp With 8 End To End Projects\nexar-dashcam-collision-prediction\data\raw\train\00529.mp4,0.7795998454093933,0.5701557379670259,0.7217648506164551,82,39,0.47560975609756095,0.0,1.5,0.7795998454093933,0.1919089555740356,0.5876908898353577,6,11.0,61,0.7439024390243902,39,0.47560975609756095
00700,1,val,18.252,19.92,C:\Users\z004hn4c\Documents\Estudo\LLMOps And AIOps Bootcamp With 8 End To End Projects\nexar-dashcam-collision-prediction\data\raw\train\00700.mp4,0.7794727683067322,0.5509969245029401,0.7404910564422608,79,29,0.3670886075949367,0.0,34.5,0.7794727683067322,0.1906491667032241,0.5888236165046692,7,8.5,52,0.6582278481012658,29,0.3670886075949367
00455,1,val,17.281,18.653,C:\Users\z004hn4c\Documents\Estudo\LLMOps And AIOps Bootcamp With 8 End To End Projects\nexar-dashcam-collision-prediction\data\raw\train\00455.mp4,0.7777723670005798,0.5733278256196243,0.7080782771110534,78,16,0.20512820512820512,4.0,17.0,0.7777723670005798,0.2350587695837021,0.5427135825157166,5,5.0,63,0.8076923076923077,16,0.20512820512820512
00444,1,val,16.433,19.25,C:\Users\z004hn4c\Documents\Estudo\LLMOps And AIOps Bootcamp With 8 End To End Projects\nexar-dashcam-collision-prediction\data\raw\train\00444.mp4,0.7752589583396912,0.6275197073817254,0.7169304966926575,80,46,0.575,0.0,10.0,0.7752589583396912,0.2179157584905624,0.5573431849479675,10,6.5,70,0.875,46,0.575
00082,1,val,17.433,20.167,C:\Users\z004hn4c\Documents\Estudo\LLMOps And AIOps Bootcamp With 8 End To End Projects\nexar-dashcam-collision-prediction\data\raw\train\00082.mp4,0.7746837735176086,0.4833979297567297,0.6701549887657166,81,21,0.25925925925925924,19.0,20.5,0.7746837735176086,0.1768898367881775,0.5977939367294312,5,6.5,47,0.5802469135802469,21,0.25925925925925924
00483,1,val,18.7,19.783,C:\Users\z004hn4c\Documents\Estudo\LLMOps And AIOps Bootcamp With 8 End To End Projects\nexar-dashcam-collision-prediction\data\raw\train\00483.mp4,0.7692421078681946,0.2536619295736393,0.398300564289093,83,2,0.024096385542168676,20.0,20.0,0.7692421078681946,0.1356626898050308,0.633579432964325,1,0.5,5,0.060240963855421686,2,0.024096385542168676
00275,1,val,8.466,10.166,C:\Users\z004hn4c\Documents\Estudo\LLMOps And AIOps Bootcamp With 8 End To End Projects\nexar-dashcam-collision-prediction\data\raw\train\00275.mp4,0.7691183090209961,0.41897585201594567,0.6006763577461243,36,1,0.027777777777777776,9.5,9.5,0.7691183090209961,0.1667564511299133,0.6023618578910828,1,0.0,11,0.3055555555555556,1,0.027777777777777776
00902,1,val,18.8,20.367,C:\Users\z004hn4c\Documents\Estudo\LLMOps And AIOps Bootcamp With 8 End To End Projects\nexar-dashcam-collision-prediction\data\raw\train\00902.mp4,0.7657732963562012,0.5333303645253181,0.6845182538032533,80,14,0.175,18.0,18.5,0.7657732963562012,0.2378446608781814,0.5279286503791809,4,4.5,49,0.6125,14,0.175
00262,1,val,13.933,17.9,C:\Users\z004hn4c\Documents\Estudo\LLMOps And AIOps Bootcamp With 8 End To End Projects\nexar-dashcam-collision-prediction\data\raw\train\00262.mp4,0.7636011838912964,0.5461066307185533,0.7095862627029419,77,20,0.2597402597402597,0.0,19.0,0.7636011838912964,0.1596753746271133,0.6039258241653442,4,5.0,43,0.5584415584415584,20,0.2597402597402597
00339,1,val,19.347,20.545,C:\Users\z004hn4c\Documents\Estudo\LLMOps And AIOps Bootcamp With 8 End To End Projects\nexar-dashcam-collision-prediction\data\raw\train\00339.mp4,0.7603524327278137,0.4301451174197374,0.6432626247406006,81,9,0.1111111111111111,23.0,38.0,0.7603524327278137,0.1159307360649108,0.6444216966629028,2,2.5,20,0.24691358024691357,9,0.1111111111111111
01004,1,val,18.651,21.799,C:\Users\z004hn4c\Documents\Estudo\LLMOps And AIOps Bootcamp With 8 End To End Projects\nexar-dashcam-collision-prediction\data\raw\train\01004.mp4,0.7599207758903503,0.5389201410114766,0.6806458711624146,80,12,0.15,23.0,31.5,0.7599207758903503,0.1091293320059776,0.6507914662361145,7,1.5,53,0.6625,12,0.15
00780,1,val,16.9,19.967,C:\Users\z004hn4c\Documents\Estudo\LLMOps And AIOps Bootcamp With 8 End To End Projects\nexar-dashcam-collision-prediction\data\raw\train\00780.mp4,0.7594926953315735,0.4755778702688806,0.6091194748878479,81,7,0.08641975308641975,17.0,19.0,0.7594926953315735,0.2507446408271789,0.5087480545043945,3,1.0,31,0.38271604938271603,7,0.08641975308641975
00932,1,val,15.933,20.033,C:\Users\z004hn4c\Documents\Estudo\LLMOps And AIOps Bootcamp With 8 End To End Projects\nexar-dashcam-collision-prediction\data\raw\train\00932.mp4,0.7576341032981873,0.49526338591987706,0.7097891569137573,81,21,0.25925925925925924,19.0,20.0,0.7576341032981873,0.1583154648542404,0.5993186235427856,3,6.0,34,0.41975308641975306,21,0.25925925925925924
00842,1,val,18.667,20.045,C:\Users\z004hn4c\Documents\Estudo\LLMOps And AIOps Bootcamp With 8 End To End Projects\nexar-dashcam-collision-prediction\data\raw\train\00842.mp4,0.7563905715942383,0.539886474609375,0.6673653542995454,80,15,0.1875,1.0,19.5,0.7563905715942383,0.1919805258512497,0.5644100308418274,9,1.0,51,0.6375,15,0.1875
00416,1,val,19.459,20.34,C:\Users\z004hn4c\Documents\Estudo\LLMOps And AIOps Bootcamp With 8 End To End Projects\nexar-dashcam-collision-prediction\data\raw\train\00416.mp4,0.7523290514945984,0.47493480311499703,0.645064115524292,81,9,0.1111111111111111,19.0,35.0,0.7523290514945984,0.1025744304060936,0.6497546434402466,3,1.5,30,0.37037037037037035,9,0.1111111111111111
00988,1,val,8.798,9.964,C:\Users\z004hn4c\Documents\Estudo\LLMOps And AIOps Bootcamp With 8 End To End Projects\nexar-dashcam-collision-prediction\data\raw\train\00988.mp4,0.7518715858459473,0.44363486642638844,0.6852200627326965,36,7,0.19444444444444445,1.0,3.0,0.7518715858459473,0.3193923234939575,0.4324792921543121,2,2.0,15,0.4166666666666667,7,0.19444444444444445
00900,1,val,17.942,21.177,C:\Users\z004hn4c\Documents\Estudo\LLMOps And AIOps Bootcamp With 8 End To End Projects\nexar-dashcam-collision-prediction\data\raw\train\00900.mp4,0.751510500907898,0.5028697498786596,0.710577666759491,81,22,0.2716049382716049,6.0,35.0,0.751510500907898,0.1672447770833969,0.5842657089233398,9,4.0,43,0.5308641975308642,22,0.2716049382716049
00266,1,val,18.933,20.667,C:\Users\z004hn4c\Documents\Estudo\LLMOps And AIOps Bootcamp With 8 End To End Projects\nexar-dashcam-collision-prediction\data\raw\train\00266.mp4,0.7505043148994446,0.5517538885275522,0.6718121767044067,81,18,0.2222222222222222,16.0,33.0,0.7505043148994446,0.1707989424467086,0.5797053575515747,3,5.5,58,0.7160493827160493,18,0.2222222222222222
00637,1,val,18.667,19.867,C:\Users\z004hn4c\Documents\Estudo\LLMOps And AIOps Bootcamp With 8 End To End Projects\nexar-dashcam-collision-prediction\data\raw\train\00637.mp4,0.7493523359298706,0.43044184399656504,0.7045165300369263,83,18,0.21686746987951808,19.0,36.0,0.7493523359298706,0.2366596162319183,0.5126927495002747,3,5.5,35,0.42168674698795183,18,0.21686746987951808
00991,1,val,18.367,19.3,C:\Users\z004hn4c\Documents\Estudo\LLMOps And AIOps Bootcamp With 8 End To End Projects\nexar-dashcam-collision-prediction\data\raw\train\00991.mp4,0.7465431690216064,0.5336158282873107,0.7083448350429535,82,29,0.35365853658536583,18.0,32.5,0.7465431690216064,0.1172763779759407,0.6292667984962463,7,5.0,50,0.6097560975609756,29,0.35365853658536583
00217,1,val,18.967,19.9,C:\Users\z004hn4c\Documents\Estudo\LLMOps And AIOps Bootcamp With 8 End To End Projects\nexar-dashcam-collision-prediction\data\raw\train\00217.mp4,0.7452723383903503,0.38320105771223706,0.5545915365219116,81,4,0.04938271604938271,20.5,21.0,0.7452723383903503,0.1100616306066513,0.6352106928825378,3,0.5,16,0.19753086419753085,4,0.04938271604938271
00795,1,val,16.493,20.706,C:\Users\z004hn4c\Documents\Estudo\LLMOps And AIOps Bootcamp With 8 End To End Projects\nexar-dashcam-collision-prediction\data\raw\train\00795.mp4,0.7446478605270386,0.5744357060005025,0.6925295948982239,82,38,0.4634146341463415,0.0,20.0,0.7446478605270386,0.1798270046710968,0.5648208260536194,9,7.0,63,0.7682926829268293,38,0.4634146341463415
00369,1,val,17.7,20.167,C:\Users\z004hn4c\Documents\Estudo\LLMOps And AIOps Bootcamp With 8 End To End Projects\nexar-dashcam-collision-prediction\data\raw\train\00369.mp4,0.7431001663208008,0.47802623007446526,0.7010885953903199,80,18,0.225,5.5,26.5,0.7431001663208008,0.2517799139022827,0.4913202822208404,3,6.0,29,0.3625,18,0.225
00722,1,val,17.267,20.533,C:\Users\z004hn4c\Documents\Estudo\LLMOps And AIOps Bootcamp With 8 End To End Projects\nexar-dashcam-collision-prediction\data\raw\train\00722.mp4,0.743028998374939,0.5320467672696928,0.6758763194084169,82,16,0.1951219512195122,18.5,19.0,0.743028998374939,0.2270727455615997,0.5159562230110168,4,3.5,53,0.6463414634146342,16,0.1951219512195122
00585,1,val,18.4,19.1,C:\Users\z004hn4c\Documents\Estudo\LLMOps And AIOps Bootcamp With 8 End To End Projects\nexar-dashcam-collision-prediction\data\raw\train\00585.mp4,0.7411513328552246,0.3430360517016164,0.5592982769012451,81,3,0.037037037037037035,18.5,19.5,0.7411513328552246,0.1720102429389953,0.5691410899162292,1,1.0,15,0.18518518518518517,3,0.037037037037037035
00742,1,val,19.431,20.168,C:\Users\z004hn4c\Documents\Estudo\LLMOps And AIOps Bootcamp With 8 End To End Projects\nexar-dashcam-collision-prediction\data\raw\train\00742.mp4,0.7407140731811523,0.43838625456447955,0.6168160438537598,81,6,0.07407407407407407,0.0,0.0,0.7407140731811523,0.256434679031372,0.4842794239521026,2,2.0,33,0.4074074074074074,6,0.07407407407407407
00890,1,val,16.414,19.15,C:\Users\z004hn4c\Documents\Estudo\LLMOps And AIOps Bootcamp With 8 End To End Projects\nexar-dashcam-collision-prediction\data\raw\train\00890.mp4,0.7384848594665527,0.43153362224499386,0.5777294158935546,78,3,0.038461538461538464,21.0,29.0,0.7384848594665527,0.2842104434967041,0.4542743861675262,2,0.5,19,0.24358974358974358,3,0.038461538461538464
00995,1,val,18.767,20.033,C:\Users\z004hn4c\Documents\Estudo\LLMOps And AIOps Bootcamp With 8 End To End Projects\nexar-dashcam-collision-prediction\data\raw\train\00995.mp4,0.7334524393081665,0.36326087680127883,0.5735953450202942,81,2,0.024691358024691357,20.0,20.0,0.7334524393081665,0.1088409423828125,0.624611496925354,2,0.0,14,0.1728395061728395,2,0.024691358024691357
00443,1,val,16.968,19.0,C:\Users\z004hn4c\Documents\Estudo\LLMOps And AIOps Bootcamp With 8 End To End Projects\nexar-dashcam-collision-prediction\data\raw\train\00443.mp4,0.7262831926345825,0.4221086049452424,0.5424709260463715,80,3,0.0375,16.0,16.0,0.7262831926345825,0.2784105241298675,0.4478726983070373,2,0.5,18,0.225,3,0.0375
00111,1,val,18.167,19.783,C:\Users\z004hn4c\Documents\Estudo\LLMOps And AIOps Bootcamp With 8 End To End Projects\nexar-dashcam-collision-prediction\data\raw\train\00111.mp4,0.7248498201370239,0.5474735671355401,0.6339585781097412,81,8,0.09876543209876543,1.0,1.5,0.7248498201370239,0.3666833043098449,0.3581665456295013,2,2.5,61,0.7530864197530864,8,0.09876543209876543
00782,1,val,7.161,10.126,C:\Users\z004hn4c\Documents\Estudo\LLMOps And AIOps Bootcamp With 8 End To End Projects\nexar-dashcam-collision-prediction\data\raw\train\00782.mp4,0.7244862914085388,0.6468715949190987,0.7143610417842865,36,22,0.6111111111111112,0.0,7.5,0.7244862914085388,0.0935801416635513,0.6309061646461487,6,5.0,36,1.0,22,0.6111111111111112
00214,1,val,20.341,21.157,C:\Users\z004hn4c\Documents\Estudo\LLMOps And AIOps Bootcamp With 8 End To End Projects\nexar-dashcam-collision-prediction\data\raw\train\00214.mp4,0.7227659225463867,0.5854713600358845,0.6643804311752319,81,18,0.2222222222222222,22.0,30.5,0.7227659225463867,0.2436775267124176,0.4790883958339691,8,1.5,77,0.9506172839506173,18,0.2222222222222222
00055,1,val,17.8,19.133,C:\Users\z004hn4c\Documents\Estudo\LLMOps And AIOps Bootcamp With 8 End To End Projects\nexar-dashcam-collision-prediction\data\raw\train\00055.mp4,0.7221829891204834,0.6023687749374204,0.6759250819683075,82,17,0.2073170731707317,0.0,19.5,0.7221829891204834,0.1503947526216507,0.5717882513999939,9,1.5,79,0.9634146341463414,17,0.2073170731707317
00695,1,val,17.667,20.767,C:\Users\z004hn4c\Documents\Estudo\LLMOps And AIOps Bootcamp With 8 End To End Projects\nexar-dashcam-collision-prediction\data\raw\train\00695.mp4,0.7219875454902649,0.4399499688987379,0.6551865339279175,81,10,0.12345679012345678,31.5,36.0,0.7219875454902649,0.193008616566658,0.5289789438247681,2,4.0,29,0.35802469135802467,10,0.12345679012345678
00256,1,val,18.267,19.183,C:\Users\z004hn4c\Documents\Estudo\LLMOps And AIOps Bootcamp With 8 End To End Projects\nexar-dashcam-collision-prediction\data\raw\train\00256.mp4,0.7215597629547119,0.4286612073580424,0.6059380769729614,81,5,0.06172839506172839,9.5,17.0,0.7215597629547119,0.0977188199758529,0.6238409280776978,3,0.5,30,0.37037037037037035,5,0.06172839506172839
00747,1,val,17.8,19.667,C:\Users\z004hn4c\Documents\Estudo\LLMOps And AIOps Bootcamp With 8 End To End Projects\nexar-dashcam-collision-prediction\data\raw\train\00747.mp4,0.712390661239624,0.4517418843360595,0.6059958934783936,81,5,0.06172839506172839,18.5,22.5,0.712390661239624,0.2609292566776275,0.4514614045619964,3,0.5,27,0.3333333333333333,5,0.06172839506172839
00891,1,val,17.7,19.233,C:\Users\z004hn4c\Documents\Estudo\LLMOps And AIOps Bootcamp With 8 End To End Projects\nexar-dashcam-collision-prediction\data\raw\train\00891.mp4,0.697509229183197,0.4759119677322882,0.6139581203460693,81,5,0.06172839506172839,11.0,19.0,0.697509229183197,0.1637647151947021,0.5337445139884949,5,0.0,36,0.4444444444444444,5,0.06172839506172839
00838,1,val,5.762,9.192,C:\Users\z004hn4c\Documents\Estudo\LLMOps And AIOps Bootcamp With 8 End To End Projects\nexar-dashcam-collision-prediction\data\raw\train\00838.mp4,0.6960897445678711,0.45621441718604827,0.6327550113201141,36,3,0.08333333333333333,8.5,9.0,0.6960897445678711,0.1761762201786041,0.5199134945869446,2,0.5,16,0.4444444444444444,3,0.08333333333333333
00605,1,val,17.968,19.405,C:\Users\z004hn4c\Documents\Estudo\LLMOps And AIOps Bootcamp With 8 End To End Projects\nexar-dashcam-collision-prediction\data\raw\train\00605.mp4,0.6919780373573303,0.33497299787438944,0.5070274472236633,81,1,0.012345679012345678,39.5,39.5,0.6919780373573303,0.0865757018327713,0.6054023504257202,1,0.0,9,0.1111111111111111,1,0.012345679012345678
01036,1,val,19.499,21.769,C:\Users\z004hn4c\Documents\Estudo\LLMOps And AIOps Bootcamp With 8 End To End Projects\nexar-dashcam-collision-prediction\data\raw\train\01036.mp4,0.6888665556907654,0.4966911346088221,0.622829794883728,81,7,0.08641975308641975,12.5,18.5,0.6888665556907654,0.2025361657142639,0.4863303899765014,4,1.5,40,0.49382716049382713,7,0.08641975308641975
00802,1,val,20.323,21.336,C:\Users\z004hn4c\Documents\Estudo\LLMOps And AIOps Bootcamp With 8 End To End Projects\nexar-dashcam-collision-prediction\data\raw\train\00802.mp4,0.686237096786499,0.43507398083442594,0.5684653043746949,82,3,0.036585365853658534,3.5,4.0,0.686237096786499,0.2064695060253143,0.4797675609588623,2,0.5,21,0.25609756097560976,3,0.036585365853658534
00326,1,val,19.4,19.667,C:\Users\z004hn4c\Documents\Estudo\LLMOps And AIOps Bootcamp With 8 End To End Projects\nexar-dashcam-collision-prediction\data\raw\train\00326.mp4,0.6843419075012207,0.45577492353356913,0.5853674411773682,81,4,0.04938271604938271,0.0,0.0,0.6843419075012207,0.1849470883607864,0.499394804239273,3,0.5,24,0.2962962962962963,4,0.04938271604938271
00167,1,val,18.233,20.0,C:\Users\z004hn4c\Documents\Estudo\LLMOps And AIOps Bootcamp With 8 End To End Projects\nexar-dashcam-collision-prediction\data\raw\train\00167.mp4,0.6833018660545349,0.43766709867818854,0.5548386573791504,81,2,0.024691358024691357,13.0,13.0,0.6833018660545349,0.1376394033432006,0.5456624627113342,1,0.5,19,0.2345679012345679,2,0.024691358024691357
00389,1,val,17.4,17.7,C:\Users\z004hn4c\Documents\Estudo\LLMOps And AIOps Bootcamp With 8 End To End Projects\nexar-dashcam-collision-prediction\data\raw\train\00389.mp4,0.682349681854248,0.41941671431819094,0.6030053734779358,79,4,0.05063291139240506,4.5,20.5,0.682349681854248,0.131834402680397,0.5505152940750122,2,1.0,37,0.46835443037974683,4,0.05063291139240506
00272,1,val,18.871,20.539,C:\Users\z004hn4c\Documents\Estudo\LLMOps And AIOps Bootcamp With 8 End To End Projects\nexar-dashcam-collision-prediction\data\raw\train\00272.mp4,0.6812766790390015,0.4843731533598017,0.6138590574264526,81,4,0.04938271604938271,14.0,14.0,0.6812766790390015,0.1723952144384384,0.5088814496994019,4,0.0,33,0.4074074074074074,4,0.04938271604938271
01035,1,val,17.352,20.293,C:\Users\z004hn4c\Documents\Estudo\LLMOps And AIOps Bootcamp With 8 End To End Projects\nexar-dashcam-collision-prediction\data\raw\train\01035.mp4,0.6790975332260132,0.5133561812065266,0.6185044050216675,81,7,0.08641975308641975,1.5,35.5,0.6790975332260132,0.1628164798021316,0.5162810683250427,3,2.0,49,0.6049382716049383,7,0.08641975308641975
00564,1,val,17.417,20.24,C:\Users\z004hn4c\Documents\Estudo\LLMOps And AIOps Bootcamp With 8 End To End Projects\nexar-dashcam-collision-prediction\data\raw\train\00564.mp4,0.6780010461807251,0.4800458384884728,0.5932241678237915,81,5,0.06172839506172839,21.5,22.0,0.6780010461807251,0.1612078845500946,0.5167931318283081,1,2.0,48,0.5925925925925926,5,0.06172839506172839
00723,1,val,18.733,20.267,C:\Users\z004hn4c\Documents\Estudo\LLMOps And AIOps Bootcamp With 8 End To End Projects\nexar-dashcam-collision-prediction\data\raw\train\00723.mp4,0.6748131513595581,0.45838694476786956,0.6392621994018555,81,7,0.08641975308641975,4.0,4.0,0.6748131513595581,0.1626736223697662,0.5121394991874695,3,1.0,38,0.4691358024691358,7,0.08641975308641975
00707,1,val,18.589,20.764,C:\Users\z004hn4c\Documents\Estudo\LLMOps And AIOps Bootcamp With 8 End To End Projects\nexar-dashcam-collision-prediction\data\raw\train\00707.mp4,0.6723448038101196,0.3438920467728522,0.5141556322574619,82,2,0.024390243902439025,30.0,30.0,0.6723448038101196,0.1089793741703033,0.5633654594421387,1,0.5,9,0.10975609756097561,2,0.024390243902439025
00849,1,val,18.1,20.8,C:\Users\z004hn4c\Documents\Estudo\LLMOps And AIOps Bootcamp With 8 End To End Projects\nexar-dashcam-collision-prediction\data\raw\train\00849.mp4,0.672261118888855,0.35354621138101744,0.5532107353210449,81,2,0.024691358024691357,22.5,22.5,0.672261118888855,0.2407980263233184,0.4314630925655365,1,0.5,15,0.18518518518518517,2,0.024691358024691357
00998,1,val,19.19,20.078,C:\Users\z004hn4c\Documents\Estudo\LLMOps And AIOps Bootcamp With 8 End To End Projects\nexar-dashcam-collision-prediction\data\raw\train\00998.mp4,0.6718348860740662,0.3628064066539576,0.5532771348953247,81,2,0.024691358024691357,6.5,7.0,0.6718348860740662,0.2175455838441848,0.4542892873287201,1,0.5,15,0.18518518518518517,2,0.024691358024691357
00225,1,val,19.667,21.05,C:\Users\z004hn4c\Documents\Estudo\LLMOps And AIOps Bootcamp With 8 End To End Projects\nexar-dashcam-collision-prediction\data\raw\train\00225.mp4,0.6696210503578186,0.4856511463479298,0.5720459580421448,82,3,0.036585365853658534,18.0,19.5,0.6696210503578186,0.200668379664421,0.4689526855945587,2,0.5,43,0.524390243902439,3,0.036585365853658534
00982,1,val,18.461,19.572,C:\Users\z004hn4c\Documents\Estudo\LLMOps And AIOps Bootcamp With 8 End To End Projects\nexar-dashcam-collision-prediction\data\raw\train\00982.mp4,0.6666595935821533,0.4523969020372556,0.5904849767684937,81,1,0.012345679012345678,36.0,36.0,0.6666595935821533,0.2827747762203216,0.3838848173618316,1,0.0,25,0.30864197530864196,1,0.012345679012345678
00458,1,val,17.233,19.067,C:\Users\z004hn4c\Documents\Estudo\LLMOps And AIOps Bootcamp With 8 End To End Projects\nexar-dashcam-collision-prediction\data\raw\train\00458.mp4,0.6605598330497742,0.4908427422559714,0.5757944107055665,79,2,0.02531645569620253,13.0,13.0,0.6605598330497742,0.1638631522655487,0.4966966807842254,2,0.0,45,0.569620253164557,2,0.02531645569620253
00144,1,val,18.3,20.233,C:\Users\z004hn4c\Documents\Estudo\LLMOps And AIOps Bootcamp With 8 End To End Projects\nexar-dashcam-collision-prediction\data\raw\train\00144.mp4,0.6529316306114197,0.4591089122825199,0.570885181427002,81,1,0.012345679012345678,18.0,18.0,0.6529316306114197,0.1839179247617721,0.4690137207508087,1,0.0,33,0.4074074074074074,1,0.012345679012345678
00765,1,val,18.301,19.314,C:\Users\z004hn4c\Documents\Estudo\LLMOps And AIOps Bootcamp With 8 End To End Projects\nexar-dashcam-collision-prediction\data\raw\train\00765.mp4,0.6528075933456421,0.46271749549522634,0.605036860704422,82,5,0.06097560975609756,14.0,22.5,0.6528075933456421,0.2040915936231613,0.4487159848213196,4,0.5,37,0.45121951219512196,5,0.06097560975609756
00450,1,val,18.946,20.285,C:\Users\z004hn4c\Documents\Estudo\LLMOps And AIOps Bootcamp With 8 End To End Projects\nexar-dashcam-collision-prediction\data\raw\train\00450.mp4,0.649355411529541,0.5304375136340106,0.6074769496917725,81,1,0.012345679012345678,23.5,23.5,0.649355411529541,0.1925060003995895,0.4568494260311126,1,0.0,59,0.7283950617283951,1,0.012345679012345678
00227,1,val,18.767,20.067,C:\Users\z004hn4c\Documents\Estudo\LLMOps And AIOps Bootcamp With 8 End To End Projects\nexar-dashcam-collision-prediction\data\raw\train\00227.mp4,0.6461098790168762,0.41080014738771653,0.5604564547538757,81,1,0.012345679012345678,37.0,37.0,0.6461098790168762,0.1450177431106567,0.5010921359062195,1,0.0,10,0.12345679012345678,1,0.012345679012345678
00978,1,val,16.496,20.219,C:\Users\z004hn4c\Documents\Estudo\LLMOps And AIOps Bootcamp With 8 End To End Projects\nexar-dashcam-collision-prediction\data\raw\train\00978.mp4,0.6421642303466797,0.4466019282002508,0.5935306549072266,81,1,0.012345679012345678,12.5,12.5,0.6421642303466797,0.2941490709781647,0.3480151295661926,1,0.0,28,0.345679012345679,1,0.012345679012345678
00422,1,val,18.546,20.048,C:\Users\z004hn4c\Documents\Estudo\LLMOps And AIOps Bootcamp With 8 End To End Projects\nexar-dashcam-collision-prediction\data\raw\train\00422.mp4,0.6317011117935181,0.42318669826160243,0.5776877403259277,81,0,0.0,,30.5,0.6317011117935181,0.1832817494869232,0.4484193325042724,0,0.0,34,0.41975308641975306,0,0.0
00663,1,val,17.727,18.677,C:\Users\z004hn4c\Documents\Estudo\LLMOps And AIOps Bootcamp With 8 End To End Projects\nexar-dashcam-collision-prediction\data\raw\train\00663.mp4,0.630441427230835,0.3566346983482808,0.4933367371559143,81,0,0.0,,1.0,0.630441427230835,0.1668994128704071,0.4635419845581054,0,0.0,8,0.09876543209876543,0,0.0
00032,1,val,19.233,19.533,C:\Users\z004hn4c\Documents\Estudo\LLMOps And AIOps Bootcamp With 8 End To End Projects\nexar-dashcam-collision-prediction\data\raw\train\00032.mp4,0.6278386116027832,0.3590001763752949,0.4938958883285522,81,0,0.0,,30.5,0.6278386116027832,0.1618481129407882,0.4659904837608337,0,0.0,7,0.08641975308641975,0,0.0
00530,1,val,9.098,9.664,C:\Users\z004hn4c\Documents\Estudo\LLMOps And AIOps Bootcamp With 8 End To End Projects\nexar-dashcam-collision-prediction\data\raw\train\00530.mp4,0.6254263520240784,0.45266995226082046,0.5428715646266937,38,0,0.0,,7.0,0.6254263520240784,0.1171002835035324,0.5083260536193848,0,0.0,11,0.2894736842105263,0,0.0
00580,1,val,19.533,20.9,C:\Users\z004hn4c\Documents\Estudo\LLMOps And AIOps Bootcamp With 8 End To End Projects\nexar-dashcam-collision-prediction\data\raw\train\00580.mp4,0.6219336986541748,0.3389104623117565,0.4682259559631347,81,0,0.0,,21.0,0.6219336986541748,0.2292667478322982,0.3926669359207153,0,0.0,7,0.08641975308641975,0,0.0
00387,1,val,15.159,16.847,C:\Users\z004hn4c\Documents\Estudo\LLMOps And AIOps Bootcamp With 8 End To End Projects\nexar-dashcam-collision-prediction\data\raw\train\00387.mp4,0.6200298070907593,0.37365205455571415,0.5122366607189178,80,0,0.0,,12.5,0.6200298070907593,0.2031341642141342,0.4168956279754638,0,0.0,9,0.1125,0,0.0
00273,1,val,19.4,20.533,C:\Users\z004hn4c\Documents\Estudo\LLMOps And AIOps Bootcamp With 8 End To End Projects\nexar-dashcam-collision-prediction\data\raw\train\00273.mp4,0.6015849113464355,0.3936034154008936,0.5232900381088257,81,0,0.0,,0.0,0.6015849113464355,0.1308716088533401,0.4707132875919342,0,0.0,11,0.13580246913580246,0,0.0
00916,1,val,16.785,19.364,C:\Users\z004hn4c\Documents\Estudo\LLMOps And AIOps Bootcamp With 8 End To End Projects\nexar-dashcam-collision-prediction\data\raw\train\00916.mp4,0.6005098223686218,0.2904292814716508,0.5220145106315612,79,0,0.0,,1.5,0.6005098223686218,0.0811758488416671,0.5193339586257935,0,0.0,10,0.12658227848101267,0,0.0
00040,1,val,17.4,18.433,C:\Users\z004hn4c\Documents\Estudo\LLMOps And AIOps Bootcamp With 8 End To End Projects\nexar-dashcam-collision-prediction\data\raw\train\00040.mp4,0.5894262194633484,0.4238936859063613,0.48368490040302276,78,0,0.0,,16.0,0.5894262194633484,0.1137683093547821,0.4756579101085663,0,0.0,4,0.05128205128205128,0,0.0
00125,1,val,19.873,20.624,C:\Users\z004hn4c\Documents\Estudo\LLMOps And AIOps Bootcamp With 8 End To End Projects\nexar-dashcam-collision-prediction\data\raw\train\00125.mp4,0.588298499584198,0.25239116119013894,0.4444862902164459,81,0,0.0,,18.0,0.588298499584198,0.1018893048167228,0.4864091873168945,0,0.0,4,0.04938271604938271,0,0.0
00208,1,val,19.233,19.8,C:\Users\z004hn4c\Documents\Estudo\LLMOps And AIOps Bootcamp With 8 End To End Projects\nexar-dashcam-collision-prediction\data\raw\train\00208.mp4,0.5837286114692688,0.329950635118046,0.4528862714767456,87,0,0.0,,21.5,0.5837286114692688,0.2585487365722656,0.3251798748970032,0,0.0,6,0.06896551724137931,0,0.0
00938,1,val,10.226,10.426,C:\Users\z004hn4c\Documents\Estudo\LLMOps And AIOps Bootcamp With 8 End To End Projects\nexar-dashcam-collision-prediction\data\raw\train\00938.mp4,0.5815434455871582,0.2780401652885808,0.44862137734889984,36,0,0.0,,11.5,0.5815434455871582,0.1903451383113861,0.3911982774734497,0,0.0,2,0.05555555555555555,0,0.0
00410,1,val,20.067,20.9,C:\Users\z004hn4c\Documents\Estudo\LLMOps And AIOps Bootcamp With 8 End To End Projects\nexar-dashcam-collision-prediction\data\raw\train\00410.mp4,0.5809871554374695,0.27784909059604007,0.5306684136390686,84,0,0.0,,29.5,0.5809871554374695,0.2101268470287323,0.3708603084087372,0,0.0,10,0.11904761904761904,0,0.0
00334,1,val,18.4,19.083,C:\Users\z004hn4c\Documents\Estudo\LLMOps And AIOps Bootcamp With 8 End To End Projects\nexar-dashcam-collision-prediction\data\raw\train\00334.mp4,0.578191339969635,0.3220599751646926,0.4454329997301102,82,0,0.0,,29.5,0.578191339969635,0.332800805568695,0.2453905194997787,0,0.0,3,0.036585365853658534,0,0.0
00638,1,val,14.601,17.573,C:\Users\z004hn4c\Documents\Estudo\LLMOps And AIOps Bootcamp With 8 End To End Projects\nexar-dashcam-collision-prediction\data\raw\train\00638.mp4,0.5774288177490234,0.2636054647557529,0.3874776065349579,81,0,0.0,,17.5,0.5774288177490234,0.1977110505104065,0.3797177672386169,0,0.0,2,0.024691358024691357,0,0.0
00081,1,val,18.533,18.667,C:\Users\z004hn4c\Documents\Estudo\LLMOps And AIOps Bootcamp With 8 End To End Projects\nexar-dashcam-collision-prediction\data\raw\train\00081.mp4,0.5762183666229248,0.3821949469737517,0.4874462485313415,78,0,0.0,,17.0,0.5762183666229248,0.1193418949842453,0.4568764567375183,0,0.0,8,0.10256410256410256,0,0.0
00669,1,val,18.14,20.232,C:\Users\z004hn4c\Documents\Estudo\LLMOps And AIOps Bootcamp With 8 End To End Projects\nexar-dashcam-collision-prediction\data\raw\train\00669.mp4,0.5658671855926514,0.2420347786428016,0.4444641470909118,81,0,0.0,,0.5,0.5658671855926514,0.2247468084096908,0.3411203622817993,0,0.0,4,0.04938271604938271,0,0.0
00983,1,val,10.075,13.778,C:\Users\z004hn4c\Documents\Estudo\LLMOps And AIOps Bootcamp With 8 End To End Projects\nexar-dashcam-collision-prediction\data\raw\train\00983.mp4,0.5599794983863831,0.28253106625727664,0.4736539125442505,81,0,0.0,,11.5,0.5599794983863831,0.1533607542514801,0.4066187441349029,0,0.0,5,0.06172839506172839,0,0.0
00874,1,val,18.693,20.425,C:\Users\z004hn4c\Documents\Estudo\LLMOps And AIOps Bootcamp With 8 End To End Projects\nexar-dashcam-collision-prediction\data\raw\train\00874.mp4,0.5460518598556519,0.4433980017173581,0.4890565603971481,82,0,0.0,,22.0,0.5460518598556519,0.1913018673658371,0.3547500073909759,0,0.0,4,0.04878048780487805,0,0.0
00054,1,val,17.767,19.3,C:\Users\z004hn4c\Documents\Estudo\LLMOps And AIOps Bootcamp With 8 End To End Projects\nexar-dashcam-collision-prediction\data\raw\train\00054.mp4,0.5444613099098206,0.34768720541471315,0.5279557704925537,81,0,0.0,,29.5,0.5444613099098206,0.2691982388496399,0.2752630710601806,0,0.0,26,0.32098765432098764,0,0.0
00356,1,val,8.999,10.199,C:\Users\z004hn4c\Documents\Estudo\LLMOps And AIOps Bootcamp With 8 End To End Projects\nexar-dashcam-collision-prediction\data\raw\train\00356.mp4,0.5367476940155029,0.4057479610568599,0.49402804076671597,38,0,0.0,,16.0,0.5367476940155029,0.2481230050325393,0.2886246740818023,0,0.0,3,0.07894736842105263,0,0.0
00188,1,val,19.477,20.052,C:\Users\z004hn4c\Documents\Estudo\LLMOps And AIOps Bootcamp With 8 End To End Projects\nexar-dashcam-collision-prediction\data\raw\train\00188.mp4,0.5182855129241943,0.1753733794670552,0.246803405880928,80,0,0.0,,20.0,0.5182855129241943,0.1147231459617614,0.4035623967647552,0,0.0,1,0.0125,0,0.0
00942,1,val,18.833,19.667,C:\Users\z004hn4c\Documents\Estudo\LLMOps And AIOps Bootcamp With 8 End To End Projects\nexar-dashcam-collision-prediction\data\raw\train\00942.mp4,0.4930015206336975,0.31308844515794443,0.4138035595417023,79,0,0.0,,38.0,0.4930015206336975,0.1643354743719101,0.3286660313606262,0,0.0,0,0.0,0,0.0
00657,1,val,9.332,11.299,C:\Users\z004hn4c\Documents\Estudo\LLMOps And AIOps Bootcamp With 8 End To End Projects\nexar-dashcam-collision-prediction\data\raw\train\00657.mp4,0.4808715879917145,0.25388237047526574,0.3770878762006759,36,0,0.0,,11.0,0.4808715879917145,0.1051852777600288,0.3756863176822662,0,0.0,0,0.0,0,0.0
00317,1,val,5.533,7.333,C:\Users\z004hn4c\Documents\Estudo\LLMOps And AIOps Bootcamp With 8 End To End Projects\nexar-dashcam-collision-prediction\data\raw\train\00317.mp4,0.4727677702903747,0.338968920864557,0.4349379867315292,38,0,0.0,,6.0,0.4727677702903747,0.2856122255325317,0.1871555298566818,0,0.0,0,0.0,0,0.0
00089,1,val,19.299,20.367,C:\Users\z004hn4c\Documents\Estudo\LLMOps And AIOps Bootcamp With 8 End To End Projects\nexar-dashcam-collision-prediction\data\raw\train\00089.mp4,0.4593837857246399,0.31726966779909016,0.4142016172409057,81,0,0.0,,28.0,0.4593837857246399,0.1338307410478592,0.3255530595779419,0,0.0,0,0.0,0,0.0
00888,1,val,8.729,9.861,C:\Users\z004hn4c\Documents\Estudo\LLMOps And AIOps Bootcamp With 8 End To End Projects\nexar-dashcam-collision-prediction\data\raw\train\00888.mp4,0.3876916766166687,0.280073900756083,0.35796247124671937,38,0,0.0,,13.0,0.3876916766166687,0.1804224252700805,0.2072692662477493,0,0.0,0,0.0,0,0.0
00048,1,val,9.496,9.863,C:\Users\z004hn4c\Documents\Estudo\LLMOps And AIOps Bootcamp With 8 End To End Projects\nexar-dashcam-collision-prediction\data\raw\train\00048.mp4,0.3779580593109131,0.2716510444879532,0.3184160381555557,38,0,0.0,,3.5,0.3779580593109131,0.1731558740139007,0.2048022001981735,0,0.0,0,0.0,0,0.0
00475,1,val,19.262,20.209,C:\Users\z004hn4c\Documents\Estudo\LLMOps And AIOps Bootcamp With 8 End To End Projects\nexar-dashcam-collision-prediction\data\raw\train\00475.mp4,0.3536240458488464,0.16157330399645223,0.2905220299959183,84,0,0.0,,20.0,0.3536240458488464,0.1218053624033927,0.2318186908960342,0,0.0,0,0.0,0,0.0
00915,1,val,8.76,10.659,C:\Users\z004hn4c\Documents\Estudo\LLMOps And AIOps Bootcamp With 8 End To End Projects\nexar-dashcam-collision-prediction\data\raw\train\00915.mp4,0.3350418210029602,0.16451274665693438,0.26416613161563873,36,0,0.0,,13.0,0.3350418210029602,0.0889142379164695,0.24612757563591,0,0.0,0,0.0,0,0.0
