id,target,split,video_path,max_risk_score,mean_risk_score,p90_risk_score,frames_scored,frames_above_threshold,fraction_above_threshold,first_false_alert_time,top_risk_timestamp,top_risk_score,top_prob_class_2,top_prob_class_3,risk_segments_above_threshold,longest_segment_seconds,frames_above_0_5,fraction_above_0_5,frames_above_0_64,fraction_above_0_64,suggested_error_type,manual_error_type,notes
01599,0,val,C:\Users\z004hn4c\Documents\Estudo\LLMOps And AIOps Bootcamp With 8 End To End Projects\nexar-dashcam-collision-prediction\data\raw\train\01599.mp4,0.7613183259963989,0.6397989936816839,0.6796554923057556,81,48,0.5925925925925926,5.0,7.0,0.7613183259963989,0.2407998442649841,0.5205184817314148,8,11.5,80,0.9876543209876543,48,0.5925925925925926,unknown,,
01283,0,val,C:\Users\z004hn4c\Documents\Estudo\LLMOps And AIOps Bootcamp With 8 End To End Projects\nexar-dashcam-collision-prediction\data\raw\train\01283.mp4,0.846711277961731,0.6115497597833959,0.7844672203063965,82,37,0.45121951219512196,0.0,29.0,0.846711277961731,0.2168869078159332,0.6298243403434753,6,10.5,62,0.7560975609756098,37,0.45121951219512196,unknown,,
01242,0,val,C:\Users\z004hn4c\Documents\Estudo\LLMOps And AIOps Bootcamp With 8 End To End Projects\nexar-dashcam-collision-prediction\data\raw\train\01242.mp4,0.7853136658668518,0.4636646419027705,0.7035113573074341,81,33,0.4074074074074074,0.0,16.5,0.7853136658668518,0.1528292298316955,0.6324844360351562,4,14.0,39,0.48148148148148145,33,0.4074074074074074,unknown,,
01581,0,val,C:\Users\z004hn4c\Documents\Estudo\LLMOps And AIOps Bootcamp With 8 End To End Projects\nexar-dashcam-collision-prediction\data\raw\train\01581.mp4,0.7644559741020203,0.6144145399699976,0.7015641927719116,81,31,0.38271604938271603,0.5,37.0,0.7644559741020203,0.2276336699724197,0.5368223190307617,8,5.0,75,0.9259259259259259,31,0.38271604938271603,unknown,,
01114,0,val,C:\Users\z004hn4c\Documents\Estudo\LLMOps And AIOps Bootcamp With 8 End To End Projects\nexar-dashcam-collision-prediction\data\raw\train\01114.mp4,0.7719459533691406,0.539887582820453,0.7368439197540283,89,30,0.33707865168539325,12.5,37.5,0.7719459533691406,0.2038476169109344,0.5680983066558838,9,3.5,56,0.6292134831460674,30,0.33707865168539325,unknown,,
01365,0,val,C:\Users\z004hn4c\Documents\Estudo\LLMOps And AIOps Bootcamp With 8 End To End Projects\nexar-dashcam-collision-prediction\data\raw\train\01365.mp4,0.7681658864021301,0.549513930523837,0.7456479668617249,81,25,0.30864197530864196,19.0,24.0,0.7681658864021301,0.2145263403654098,0.5536395311355591,1,12.0,48,0.5925925925925926,25,0.30864197530864196,unknown,,
01271,0,val,C:\Users\z004hn4c\Documents\Estudo\LLMOps And AIOps Bootcamp With 8 End To End Projects\nexar-dashcam-collision-prediction\data\raw\train\01271.mp4,0.7364875078201294,0.4628884004957882,0.7038056254386902,81,20,0.24691358024691357,8.0,28.5,0.7364875078201294,0.1644838601350784,0.5720036625862122,5,2.5,40,0.49382716049382713,20,0.24691358024691357,unknown,,
01959,0,val,C:\Users\z004hn4c\Documents\Estudo\LLMOps And AIOps Bootcamp With 8 End To End Projects\nexar-dashcam-collision-prediction\data\raw\train\01959.mp4,0.7708702683448792,0.5287069796044149,0.6722942590713501,81,18,0.2222222222222222,21.0,31.0,0.7708702683448792,0.2740972340106964,0.4967730343341827,4,3.0,49,0.6049382716049383,18,0.2222222222222222,unknown,,
01072,0,val,C:\Users\z004hn4c\Documents\Estudo\LLMOps And AIOps Bootcamp With 8 End To End Projects\nexar-dashcam-collision-prediction\data\raw\train\01072.mp4,0.8155674934387207,0.5275101832237589,0.6831354856491089,83,16,0.1927710843373494,3.5,22.0,0.8155674934387207,0.1964884549379348,0.619079053401947,8,2.0,50,0.6024096385542169,16,0.1927710843373494,unknown,,
01711,0,val,C:\Users\z004hn4c\Documents\Estudo\LLMOps And AIOps Bootcamp With 8 End To End Projects\nexar-dashcam-collision-prediction\data\raw\train\01711.mp4,0.7333558797836304,0.5031309672343878,0.6869832277297974,81,14,0.1728395061728395,11.0,21.5,0.7333558797836304,0.1655609756708145,0.567794919013977,4,4.5,42,0.5185185185185185,14,0.1728395061728395,unknown,,
01704,0,val,C:\Users\z004hn4c\Documents\Estudo\LLMOps And AIOps Bootcamp With 8 End To End Projects\nexar-dashcam-collision-prediction\data\raw\train\01704.mp4,0.7683917284011841,0.487342557311058,0.6620051085948945,80,13,0.1625,3.5,13.5,0.7683917284011841,0.1583188474178314,0.6100728511810303,6,1.5,42,0.525,13,0.1625,unknown,,
01717,0,val,C:\Users\z004hn4c\Documents\Estudo\LLMOps And AIOps Bootcamp With 8 End To End Projects\nexar-dashcam-collision-prediction\data\raw\train\01717.mp4,0.7310615181922913,0.47725618032761563,0.6559004187583923,81,12,0.14814814814814814,0.0,3.0,0.7310615181922913,0.0852737799286842,0.6457877159118652,4,3.0,43,0.5308641975308642,12,0.14814814814814814,unknown,,
01075,0,val,C:\Users\z004hn4c\Documents\Estudo\LLMOps And AIOps Bootcamp With 8 End To End Projects\nexar-dashcam-collision-prediction\data\raw\train\01075.mp4,0.7244508266448975,0.4796019700574286,0.6451717615127563,81,10,0.12345679012345678,0.0,22.5,0.7244508266448975,0.2180009186267852,0.5064499378204346,3,2.5,44,0.5432098765432098,10,0.12345679012345678,unknown,,
01236,0,val,C:\Users\z004hn4c\Documents\Estudo\LLMOps And AIOps Bootcamp With 8 End To End Projects\nexar-dashcam-collision-prediction\data\raw\train\01236.mp4,0.7625178694725037,0.5093444596838068,0.640838086605072,81,9,0.1111111111111111,3.0,7.0,0.7625178694725037,0.2356426268815994,0.5268752574920654,5,1.0,42,0.5185185185185185,9,0.1111111111111111,unknown,,
01807,0,val,C:\Users\z004hn4c\Documents\Estudo\LLMOps And AIOps Bootcamp With 8 End To End Projects\nexar-dashcam-collision-prediction\data\raw\train\01807.mp4,0.7037594318389893,0.46530960040327946,0.6412867903709412,81,9,0.1111111111111111,18.0,20.0,0.7037594318389893,0.1710405945777893,0.5327188372612,5,1.0,33,0.4074074074074074,9,0.1111111111111111,unknown,,
01420,0,val,C:\Users\z004hn4c\Documents\Estudo\LLMOps And AIOps Bootcamp With 8 End To End Projects\nexar-dashcam-collision-prediction\data\raw\train\01420.mp4,0.6898657083511353,0.5021768014926415,0.6481502532958985,77,9,0.11688311688311688,14.5,23.0,0.6898657083511353,0.1856825053691864,0.5041831731796265,6,1.5,39,0.5064935064935064,9,0.11688311688311688,unknown,,
01673,0,val,C:\Users\z004hn4c\Documents\Estudo\LLMOps And AIOps Bootcamp With 8 End To End Projects\nexar-dashcam-collision-prediction\data\raw\train\01673.mp4,0.7417290210723877,0.4918873135322406,0.6305543184280396,81,8,0.09876543209876543,14.0,22.5,0.7417290210723877,0.1708615720272064,0.5708674788475037,3,2.0,38,0.4691358024691358,8,0.09876543209876543,unknown,,
02083,0,val,C:\Users\z004hn4c\Documents\Estudo\LLMOps And AIOps Bootcamp With 8 End To End Projects\nexar-dashcam-collision-prediction\data\raw\train\02083.mp4,0.7721966505050659,0.4508478957929729,0.6255466938018799,81,7,0.08641975308641975,26.5,26.5,0.7721966505050659,0.2720761597156524,0.5001204609870911,6,0.5,36,0.4444444444444444,7,0.08641975308641975,unknown,,
01287,0,val,C:\Users\z004hn4c\Documents\Estudo\LLMOps And AIOps Bootcamp With 8 End To End Projects\nexar-dashcam-collision-prediction\data\raw\train\01287.mp4,0.7179933786392212,0.3851366843338366,0.6050059795379639,81,6,0.07407407407407407,12.0,13.5,0.7179933786392212,0.114714965224266,0.603278398513794,4,0.5,25,0.30864197530864196,6,0.07407407407407407,unknown,,
01592,0,val,C:\Users\z004hn4c\Documents\Estudo\LLMOps And AIOps Bootcamp With 8 End To End Projects\nexar-dashcam-collision-prediction\data\raw\train\01592.mp4,0.7475744485855103,0.33497431460354066,0.5652940273284912,81,5,0.06172839506172839,0.0,3.5,0.7475744485855103,0.1967626810073852,0.550811767578125,2,1.5,13,0.16049382716049382,5,0.06172839506172839,unknown,,
01138,0,val,C:\Users\z004hn4c\Documents\Estudo\LLMOps And AIOps Bootcamp With 8 End To End Projects\nexar-dashcam-collision-prediction\data\raw\train\01138.mp4,0.7185763716697693,0.3567324965088456,0.5879475474357605,81,5,0.06172839506172839,22.5,24.0,0.7185763716697693,0.1842419505119323,0.5343344211578369,1,2.0,14,0.1728395061728395,5,0.06172839506172839,unknown,,
01374,0,val,C:\Users\z004hn4c\Documents\Estudo\LLMOps And AIOps Bootcamp With 8 End To End Projects\nexar-dashcam-collision-prediction\data\raw\train\01374.mp4,0.7129996418952942,0.44713478489422503,0.5808911919593811,81,5,0.06172839506172839,19.0,19.0,0.7129996418952942,0.1806948035955429,0.5323048233985901,3,0.5,32,0.3950617283950617,5,0.06172839506172839,unknown,,
01442,0,val,C:\Users\z004hn4c\Documents\Estudo\LLMOps And AIOps Bootcamp With 8 End To End Projects\nexar-dashcam-collision-prediction\data\raw\train\01442.mp4,0.8109144568443298,0.40662336349487305,0.6050648629665376,82,4,0.04878048780487805,5.5,6.5,0.8109144568443298,0.2147443741559982,0.5961700677871704,2,1.0,17,0.2073170731707317,4,0.04878048780487805,unknown,,
01401,0,val,C:\Users\z004hn4c\Documents\Estudo\LLMOps And AIOps Bootcamp With 8 End To End Projects\nexar-dashcam-collision-prediction\data\raw\train\01401.mp4,0.6954407691955566,0.38394828508665535,0.6031541228294373,81,4,0.04938271604938271,23.5,24.0,0.6954407691955566,0.2704780101776123,0.4249627292156219,2,1.0,19,0.2345679012345679,4,0.04938271604938271,unknown,,
01498,0,val,C:\Users\z004hn4c\Documents\Estudo\LLMOps And AIOps Bootcamp With 8 End To End Projects\nexar-dashcam-collision-prediction\data\raw\train\01498.mp4,0.7552720308303833,0.3188837891743507,0.5123721361160278,81,3,0.037037037037037035,1.0,6.5,0.7552720308303833,0.1258129328489303,0.6294590830802917,2,0.5,9,0.1111111111111111,3,0.037037037037037035,unknown,,
01724,0,val,C:\Users\z004hn4c\Documents\Estudo\LLMOps And AIOps Bootcamp With 8 End To End Projects\nexar-dashcam-collision-prediction\data\raw\train\01724.mp4,0.7360577583312988,0.4299953281879425,0.5340013980865479,77,3,0.03896103896103896,9.5,35.0,0.7360577583312988,0.153262048959732,0.5827956795692444,2,0.5,15,0.19480519480519481,3,0.03896103896103896,unknown,,
01882,0,val,C:\Users\z004hn4c\Documents\Estudo\LLMOps And AIOps Bootcamp With 8 End To End Projects\nexar-dashcam-collision-prediction\data\raw\train\01882.mp4,0.7239129543304443,0.39593239855251194,0.5957539677619934,81,3,0.037037037037037035,30.0,32.5,0.7239129543304443,0.2218307554721832,0.5020821690559387,3,0.0,19,0.2345679012345679,3,0.037037037037037035,unknown,,
01122,0,val,C:\Users\z004hn4c\Documents\Estudo\LLMOps And AIOps Bootcamp With 8 End To End Projects\nexar-dashcam-collision-prediction\data\raw\train\01122.mp4,0.6873829960823059,0.4201303102352001,0.5536516904830933,81,3,0.037037037037037035,20.5,21.5,0.6873829960823059,0.1201322227716445,0.5672507882118225,1,1.0,16,0.19753086419753085,3,0.037037037037037035,unknown,,
01355,0,val,C:\Users\z004hn4c\Documents\Estudo\LLMOps And AIOps Bootcamp With 8 End To End Projects\nexar-dashcam-collision-prediction\data\raw\train\01355.mp4,0.6796601414680481,0.45611556692094335,0.620531862974167,82,3,0.036585365853658534,20.5,32.5,0.6796601414680481,0.2067107111215591,0.4729494154453277,2,0.5,27,0.32926829268292684,3,0.036585365853658534,unknown,,
02011,0,val,C:\Users\z004hn4c\Documents\Estudo\LLMOps And AIOps Bootcamp With 8 End To End Projects\nexar-dashcam-collision-prediction\data\raw\train\02011.mp4,0.7773711681365967,0.46288550458848476,0.5829773128032685,80,2,0.025,21.0,21.0,0.7773711681365967,0.157341182231903,0.6200299859046936,2,0.0,21,0.2625,2,0.025,unknown,,
01899,0,val,C:\Users\z004hn4c\Documents\Estudo\LLMOps And AIOps Bootcamp With 8 End To End Projects\nexar-dashcam-collision-prediction\data\raw\train\01899.mp4,0.7753110527992249,0.2545769049061669,0.430975079536438,81,2,0.024691358024691357,1.0,1.5,0.7753110527992249,0.0821388512849807,0.6931722164154053,1,0.5,4,0.04938271604938271,2,0.024691358024691357,unknown,,
01860,0,val,C:\Users\z004hn4c\Documents\Estudo\LLMOps And AIOps Bootcamp With 8 End To End Projects\nexar-dashcam-collision-prediction\data\raw\train\01860.mp4,0.7573171257972717,0.4704217574110738,0.5877496600151062,81,2,0.024691358024691357,27.5,28.0,0.7573171257972717,0.1281641125679016,0.6291530132293701,1,0.5,33,0.4074074074074074,2,0.024691358024691357,unknown,,
02114,0,val,C:\Users\z004hn4c\Documents\Estudo\LLMOps And AIOps Bootcamp With 8 End To End Projects\nexar-dashcam-collision-prediction\data\raw\train\02114.mp4,0.714869499206543,0.2534727288617028,0.5389381647109985,81,2,0.024691358024691357,10.5,17.0,0.714869499206543,0.0788332819938659,0.636036217212677,2,0.0,9,0.1111111111111111,2,0.024691358024691357,unknown,,
01568,0,val,C:\Users\z004hn4c\Documents\Estudo\LLMOps And AIOps Bootcamp With 8 End To End Projects\nexar-dashcam-collision-prediction\data\raw\train\01568.mp4,0.7108228802680969,0.30015114372895085,0.5211846232414246,81,2,0.024691358024691357,6.0,6.0,0.7108228802680969,0.2281221896409988,0.4827006757259369,2,0.0,11,0.13580246913580246,2,0.024691358024691357,unknown,,
01687,0,val,C:\Users\z004hn4c\Documents\Estudo\LLMOps And AIOps Bootcamp With 8 End To End Projects\nexar-dashcam-collision-prediction\data\raw\train\01687.mp4,0.703036904335022,0.2942807439852644,0.4575734138488769,81,2,0.024691358024691357,9.0,13.5,0.703036904335022,0.1356641799211502,0.567372739315033,2,0.0,8,0.09876543209876543,2,0.024691358024691357,unknown,,
01503,0,val,C:\Users\z004hn4c\Documents\Estudo\LLMOps And AIOps Bootcamp With 8 End To End Projects\nexar-dashcam-collision-prediction\data\raw\train\01503.mp4,0.6671391725540161,0.3424567284039509,0.5522992610931396,81,2,0.024691358024691357,14.0,14.0,0.6671391725540161,0.1443182677030563,0.5228208899497986,2,0.0,20,0.24691358024691357,2,0.024691358024691357,unknown,,
01996,0,val,C:\Users\z004hn4c\Documents\Estudo\LLMOps And AIOps Bootcamp With 8 End To End Projects\nexar-dashcam-collision-prediction\data\raw\train\01996.mp4,0.663206160068512,0.4808484340707461,0.6134727597236633,36,2,0.05555555555555555,5.0,5.0,0.663206160068512,0.3371919095516205,0.3260142505168915,2,0.0,14,0.3888888888888889,2,0.05555555555555555,unknown,,
01322,0,val,C:\Users\z004hn4c\Documents\Estudo\LLMOps And AIOps Bootcamp With 8 End To End Projects\nexar-dashcam-collision-prediction\data\raw\train\01322.mp4,0.6509761214256287,0.3455536371027982,0.5794439911842346,81,2,0.024691358024691357,34.5,34.5,0.6509761214256287,0.2207248210906982,0.4302513003349304,1,0.5,15,0.18518518518518517,2,0.024691358024691357,unknown,,
01765,0,val,C:\Users\z004hn4c\Documents\Estudo\LLMOps And AIOps Bootcamp With 8 End To End Projects\nexar-dashcam-collision-prediction\data\raw\train\01765.mp4,0.6463159322738647,0.45175890878933234,0.5766670644283295,82,2,0.024390243902439025,7.0,19.5,0.6463159322738647,0.1883649230003357,0.4579510390758514,2,0.0,30,0.36585365853658536,2,0.024390243902439025,unknown,,
01425,0,val,C:\Users\z004hn4c\Documents\Estudo\LLMOps And AIOps Bootcamp With 8 End To End Projects\nexar-dashcam-collision-prediction\data\raw\train\01425.mp4,0.7911105155944824,0.40485219326284194,0.5703524947166443,81,1,0.012345679012345678,27.0,27.0,0.7911105155944824,0.1526035070419311,0.6385070085525513,1,0.0,23,0.2839506172839506,1,0.012345679012345678,unknown,,
01640,0,val,C:\Users\z004hn4c\Documents\Estudo\LLMOps And AIOps Bootcamp With 8 End To End Projects\nexar-dashcam-collision-prediction\data\raw\train\01640.mp4,0.7443844079971313,0.2580031277036961,0.392443835735321,81,1,0.012345679012345678,1.5,1.5,0.7443844079971313,0.1324263662099838,0.6119580268859863,1,0.0,5,0.06172839506172839,1,0.012345679012345678,unknown,,
01496,0,val,C:\Users\z004hn4c\Documents\Estudo\LLMOps And AIOps Bootcamp With 8 End To End Projects\nexar-dashcam-collision-prediction\data\raw\train\01496.mp4,0.7256736755371094,0.2655862742736016,0.4410674571990967,81,1,0.012345679012345678,38.0,38.0,0.7256736755371094,0.1153412908315658,0.6103323698043823,1,0.0,7,0.08641975308641975,1,0.012345679012345678,unknown,,
01506,0,val,C:\Users\z004hn4c\Documents\Estudo\LLMOps And AIOps Bootcamp With 8 End To End Projects\nexar-dashcam-collision-prediction\data\raw\train\01506.mp4,0.6963664889335632,0.3772351595608494,0.5685427188873291,79,1,0.012658227848101266,39.0,39.0,0.6963664889335632,0.1444078683853149,0.5519586205482483,1,0.0,19,0.24050632911392406,1,0.012658227848101266,unknown,,
02042,0,val,C:\Users\z004hn4c\Documents\Estudo\LLMOps And AIOps Bootcamp With 8 End To End Projects\nexar-dashcam-collision-prediction\data\raw\train\02042.mp4,0.676543653011322,0.3723712963301961,0.5594604551792145,82,1,0.012195121951219513,7.0,7.0,0.676543653011322,0.1490217596292495,0.5275219082832336,1,0.0,17,0.2073170731707317,1,0.012195121951219513,unknown,,
01824,0,val,C:\Users\z004hn4c\Documents\Estudo\LLMOps And AIOps Bootcamp With 8 End To End Projects\nexar-dashcam-collision-prediction\data\raw\train\01824.mp4,0.675916314125061,0.3636191627125681,0.5350164175033569,81,1,0.012345679012345678,39.0,39.0,0.675916314125061,0.2639624178409576,0.4119539260864258,1,0.0,14,0.1728395061728395,1,0.012345679012345678,unknown,,
01462,0,val,C:\Users\z004hn4c\Documents\Estudo\LLMOps And AIOps Bootcamp With 8 End To End Projects\nexar-dashcam-collision-prediction\data\raw\train\01462.mp4,0.6658909916877747,0.3747358491644263,0.5165966451168063,80,1,0.0125,35.5,35.5,0.6658909916877747,0.2613787353038788,0.4045122563838959,1,0.0,11,0.1375,1,0.0125,unknown,,
01838,0,val,C:\Users\z004hn4c\Documents\Estudo\LLMOps And AIOps Bootcamp With 8 End To End Projects\nexar-dashcam-collision-prediction\data\raw\train\01838.mp4,0.6561243534088135,0.36908078175268055,0.5674048662185669,81,1,0.012345679012345678,22.0,22.0,0.6561243534088135,0.1827394068241119,0.4733849167823791,1,0.0,21,0.25925925925925924,1,0.012345679012345678,unknown,,
01262,0,val,C:\Users\z004hn4c\Documents\Estudo\LLMOps And AIOps Bootcamp With 8 End To End Projects\nexar-dashcam-collision-prediction\data\raw\train\01262.mp4,0.6513200998306274,0.26555213589727145,0.3914012312889099,81,1,0.012345679012345678,27.5,27.5,0.6513200998306274,0.2227298766374588,0.4285902380943298,1,0.0,4,0.04938271604938271,1,0.012345679012345678,unknown,,
01157,0,val,C:\Users\z004hn4c\Documents\Estudo\LLMOps And AIOps Bootcamp With 8 End To End Projects\nexar-dashcam-collision-prediction\data\raw\train\01157.mp4,0.6431503891944885,0.2644619033104036,0.49402524828910827,82,1,0.012195121951219513,2.0,2.0,0.6431503891944885,0.1466868817806244,0.4964635074138641,1,0.0,8,0.0975609756097561,1,0.012195121951219513,unknown,,
01656,0,val,C:\Users\z004hn4c\Documents\Estudo\LLMOps And AIOps Bootcamp With 8 End To End Projects\nexar-dashcam-collision-prediction\data\raw\train\01656.mp4,0.6410879492759705,0.3439767590643447,0.4954475164413452,81,1,0.012345679012345678,7.5,7.5,0.6410879492759705,0.276980847120285,0.3641071021556854,1,0.0,6,0.07407407407407407,1,0.012345679012345678,unknown,,
01799,0,val,C:\Users\z004hn4c\Documents\Estudo\LLMOps And AIOps Bootcamp With 8 End To End Projects\nexar-dashcam-collision-prediction\data\raw\train\01799.mp4,0.6395316123962402,0.41077360989134987,0.5476392507553101,81,0,0.0,,18.0,0.6395316123962402,0.2124087512493133,0.4271228313446045,0,0.0,21,0.25925925925925924,0,0.0,unknown,,
01296,0,val,C:\Users\z004hn4c\Documents\Estudo\LLMOps And AIOps Bootcamp With 8 End To End Projects\nexar-dashcam-collision-prediction\data\raw\train\01296.mp4,0.6360743045806885,0.3947595266195444,0.5517614006996154,78,0,0.0,,17.5,0.6360743045806885,0.1412589699029922,0.494815319776535,0,0.0,18,0.23076923076923078,0,0.0,unknown,,
01748,0,val,C:\Users\z004hn4c\Documents\Estudo\LLMOps And AIOps Bootcamp With 8 End To End Projects\nexar-dashcam-collision-prediction\data\raw\train\01748.mp4,0.6304672360420227,0.20373464982818673,0.3136915564537048,81,0,0.0,,36.0,0.6304672360420227,0.091060496866703,0.5394067168235779,0,0.0,3,0.037037037037037035,0,0.0,unknown,,
01964,0,val,C:\Users\z004hn4c\Documents\Estudo\LLMOps And AIOps Bootcamp With 8 End To End Projects\nexar-dashcam-collision-prediction\data\raw\train\01964.mp4,0.6277441382408142,0.2432860811183482,0.3970131278038025,81,0,0.0,,22.0,0.6277441382408142,0.2171075493097305,0.4106365740299225,0,0.0,1,0.012345679012345678,0,0.0,unknown,,
01134,0,val,C:\Users\z004hn4c\Documents\Estudo\LLMOps And AIOps Bootcamp With 8 End To End Projects\nexar-dashcam-collision-prediction\data\raw\train\01134.mp4,0.62394118309021,0.2518456378315069,0.4409642338752746,79,0,0.0,,2.0,0.62394118309021,0.2160661071538925,0.4078750908374786,0,0.0,4,0.05063291139240506,0,0.0,unknown,,
01954,0,val,C:\Users\z004hn4c\Documents\Estudo\LLMOps And AIOps Bootcamp With 8 End To End Projects\nexar-dashcam-collision-prediction\data\raw\train\01954.mp4,0.622700035572052,0.3726753545243566,0.5228407800197601,82,0,0.0,,37.5,0.622700035572052,0.1591933965682983,0.4635066390037536,0,0.0,12,0.14634146341463414,0,0.0,unknown,,
01054,0,val,C:\Users\z004hn4c\Documents\Estudo\LLMOps And AIOps Bootcamp With 8 End To End Projects\nexar-dashcam-collision-prediction\data\raw\train\01054.mp4,0.618669867515564,0.337298988352848,0.5053676366806031,79,0,0.0,,20.0,0.618669867515564,0.1601354777812957,0.4585343897342682,0,0.0,8,0.10126582278481013,0,0.0,unknown,,
01254,0,val,C:\Users\z004hn4c\Documents\Estudo\LLMOps And AIOps Bootcamp With 8 End To End Projects\nexar-dashcam-collision-prediction\data\raw\train\01254.mp4,0.608812689781189,0.41094378801062703,0.5887661278247833,80,0,0.0,,9.5,0.608812689781189,0.1548139452934265,0.4539987742900848,0,0.0,38,0.475,0,0.0,unknown,,
01473,0,val,C:\Users\z004hn4c\Documents\Estudo\LLMOps And AIOps Bootcamp With 8 End To End Projects\nexar-dashcam-collision-prediction\data\raw\train\01473.mp4,0.6084914207458496,0.3208377825809114,0.5460145473480225,81,0,0.0,,26.0,0.6084914207458496,0.1602199524641037,0.4482714831829071,0,0.0,13,0.16049382716049382,0,0.0,unknown,,
01889,0,val,C:\Users\z004hn4c\Documents\Estudo\LLMOps And AIOps Bootcamp With 8 End To End Projects\nexar-dashcam-collision-prediction\data\raw\train\01889.mp4,0.6078888177871704,0.25166308797068065,0.45340695977211,81,0,0.0,,20.5,0.6078888177871704,0.2128521800041198,0.3950366079807281,0,0.0,1,0.012345679012345678,0,0.0,unknown,,
01888,0,val,C:\Users\z004hn4c\Documents\Estudo\LLMOps And AIOps Bootcamp With 8 End To End Projects\nexar-dashcam-collision-prediction\data\raw\train\01888.mp4,0.6056146025657654,0.40401786786538585,0.5396592617034912,81,0,0.0,,6.5,0.6056146025657654,0.4448759257793426,0.1607386767864227,0,0.0,16,0.19753086419753085,0,0.0,unknown,,
01103,0,val,C:\Users\z004hn4c\Documents\Estudo\LLMOps And AIOps Bootcamp With 8 End To End Projects\nexar-dashcam-collision-prediction\data\raw\train\01103.mp4,0.5998210906982422,0.4138141671816508,0.5614310503005981,81,0,0.0,,2.5,0.5998210906982422,0.2022624462842941,0.3975586295127868,0,0.0,16,0.19753086419753085,0,0.0,unknown,,
01983,0,val,C:\Users\z004hn4c\Documents\Estudo\LLMOps And AIOps Bootcamp With 8 End To End Projects\nexar-dashcam-collision-prediction\data\raw\train\01983.mp4,0.5863935947418213,0.29021911415053003,0.404156893491745,81,0,0.0,,32.5,0.5863935947418213,0.1436848044395446,0.442708820104599,0,0.0,4,0.04938271604938271,0,0.0,unknown,,
01046,0,val,C:\Users\z004hn4c\Documents\Estudo\LLMOps And AIOps Bootcamp With 8 End To End Projects\nexar-dashcam-collision-prediction\data\raw\train\01046.mp4,0.5841466188430786,0.41060783833633235,0.5298756957054138,81,0,0.0,,24.0,0.5841466188430786,0.157953143119812,0.426193505525589,0,0.0,11,0.13580246913580246,0,0.0,unknown,,
01604,0,val,C:\Users\z004hn4c\Documents\Estudo\LLMOps And AIOps Bootcamp With 8 End To End Projects\nexar-dashcam-collision-prediction\data\raw\train\01604.mp4,0.5804699659347534,0.30798251090980155,0.44243906140327455,82,0,0.0,,0.5,0.5804699659347534,0.115686796605587,0.4647831618785858,0,0.0,3,0.036585365853658534,0,0.0,unknown,,
01973,0,val,C:\Users\z004hn4c\Documents\Estudo\LLMOps And AIOps Bootcamp With 8 End To End Projects\nexar-dashcam-collision-prediction\data\raw\train\01973.mp4,0.5738847255706787,0.3461826793205591,0.4894912242889404,81,0,0.0,,9.5,0.5738847255706787,0.30600106716156,0.267883688211441,0,0.0,6,0.07407407407407407,0,0.0,unknown,,
01572,0,val,C:\Users\z004hn4c\Documents\Estudo\LLMOps And AIOps Bootcamp With 8 End To End Projects\nexar-dashcam-collision-prediction\data\raw\train\01572.mp4,0.5729596614837646,0.34846124508314663,0.4550818502902984,36,0,0.0,,8.0,0.5729596614837646,0.1317536532878875,0.4412060379981994,0,0.0,2,0.05555555555555555,0,0.0,unknown,,
01691,0,val,C:\Users\z004hn4c\Documents\Estudo\LLMOps And AIOps Bootcamp With 8 End To End Projects\nexar-dashcam-collision-prediction\data\raw\train\01691.mp4,0.5682296752929688,0.3888811378015412,0.5217584669589996,36,0,0.0,,15.0,0.5682296752929688,0.1145591288805008,0.4536705613136291,0,0.0,7,0.19444444444444445,0,0.0,unknown,,
01342,0,val,C:\Users\z004hn4c\Documents\Estudo\LLMOps And AIOps Bootcamp With 8 End To End Projects\nexar-dashcam-collision-prediction\data\raw\train\01342.mp4,0.5636360049247742,0.3030682414954091,0.4501464366912842,81,0,0.0,,22.0,0.5636360049247742,0.1188278868794441,0.4448081254959106,0,0.0,5,0.06172839506172839,0,0.0,unknown,,
02136,0,val,C:\Users\z004hn4c\Documents\Estudo\LLMOps And AIOps Bootcamp With 8 End To End Projects\nexar-dashcam-collision-prediction\data\raw\train\02136.mp4,0.5548278093338013,0.2635203942279272,0.4108716130256653,79,0,0.0,,27.0,0.5548278093338013,0.219754621386528,0.335073173046112,0,0.0,1,0.012658227848101266,0,0.0,unknown,,
01229,0,val,C:\Users\z004hn4c\Documents\Estudo\LLMOps And AIOps Bootcamp With 8 End To End Projects\nexar-dashcam-collision-prediction\data\raw\train\01229.mp4,0.5536141991615295,0.26445690517897136,0.4950469136238098,91,0,0.0,,17.5,0.5536141991615295,0.1190683469176292,0.4345458745956421,0,0.0,9,0.0989010989010989,0,0.0,unknown,,
01228,0,val,C:\Users\z004hn4c\Documents\Estudo\LLMOps And AIOps Bootcamp With 8 End To End Projects\nexar-dashcam-collision-prediction\data\raw\train\01228.mp4,0.536784291267395,0.2332919081900178,0.3755070567131043,82,0,0.0,,23.5,0.536784291267395,0.1434156000614166,0.3933686912059784,0,0.0,1,0.012195121951219513,0,0.0,unknown,,
01706,0,val,C:\Users\z004hn4c\Documents\Estudo\LLMOps And AIOps Bootcamp With 8 End To End Projects\nexar-dashcam-collision-prediction\data\raw\train\01706.mp4,0.5292249321937561,0.31658788338119603,0.4224202036857605,81,0,0.0,,12.0,0.5292249321937561,0.2198460847139358,0.309378832578659,0,0.0,2,0.024691358024691357,0,0.0,unknown,,
01563,0,val,C:\Users\z004hn4c\Documents\Estudo\LLMOps And AIOps Bootcamp With 8 End To End Projects\nexar-dashcam-collision-prediction\data\raw\train\01563.mp4,0.5280455946922302,0.33461136788856694,0.4422928512096405,82,0,0.0,,31.5,0.5280455946922302,0.1535975188016891,0.3744480907917022,0,0.0,2,0.024390243902439025,0,0.0,unknown,,
01133,0,val,C:\Users\z004hn4c\Documents\Estudo\LLMOps And AIOps Bootcamp With 8 End To End Projects\nexar-dashcam-collision-prediction\data\raw\train\01133.mp4,0.5273686647415161,0.2990475406772212,0.4044345021247864,76,0,0.0,,19.0,0.5273686647415161,0.0882933214306831,0.4390753209590912,0,0.0,1,0.013157894736842105,0,0.0,unknown,,
02029,0,val,C:\Users\z004hn4c\Documents\Estudo\LLMOps And AIOps Bootcamp With 8 End To End Projects\nexar-dashcam-collision-prediction\data\raw\train\02029.mp4,0.524039626121521,0.2211048769125019,0.3453234553337096,83,0,0.0,,31.0,0.524039626121521,0.1210042461752891,0.4030353724956512,0,0.0,2,0.024096385542168676,0,0.0,unknown,,
01172,0,val,C:\Users\z004hn4c\Documents\Estudo\LLMOps And AIOps Bootcamp With 8 End To End Projects\nexar-dashcam-collision-prediction\data\raw\train\01172.mp4,0.5227802991867065,0.2720413857864009,0.3827955722808838,36,0,0.0,,10.0,0.5227802991867065,0.0764268040657043,0.4463534653186798,0,0.0,1,0.027777777777777776,0,0.0,unknown,,
01194,0,val,C:\Users\z004hn4c\Documents\Estudo\LLMOps And AIOps Bootcamp With 8 End To End Projects\nexar-dashcam-collision-prediction\data\raw\train\01194.mp4,0.5210288763046265,0.30410993310772344,0.4794486165046692,81,0,0.0,,18.0,0.5210288763046265,0.2420091480016708,0.2790197134017944,0,0.0,5,0.06172839506172839,0,0.0,unknown,,
01825,0,val,C:\Users\z004hn4c\Documents\Estudo\LLMOps And AIOps Bootcamp With 8 End To End Projects\nexar-dashcam-collision-prediction\data\raw\train\01825.mp4,0.5183611512184143,0.30644858069717884,0.4297133952379228,80,0,0.0,,1.5,0.5183611512184143,0.1701586693525314,0.348202496767044,0,0.0,2,0.025,0,0.0,unknown,,
01896,0,val,C:\Users\z004hn4c\Documents\Estudo\LLMOps And AIOps Bootcamp With 8 End To End Projects\nexar-dashcam-collision-prediction\data\raw\train\01896.mp4,0.5154666900634766,0.21925170874086822,0.325774884223938,82,0,0.0,,2.5,0.5154666900634766,0.2209712266921997,0.2944954335689544,0,0.0,2,0.024390243902439025,0,0.0,unknown,,
01423,0,val,C:\Users\z004hn4c\Documents\Estudo\LLMOps And AIOps Bootcamp With 8 End To End Projects\nexar-dashcam-collision-prediction\data\raw\train\01423.mp4,0.5113992094993591,0.22046433177627164,0.3358736038208008,81,0,0.0,,22.0,0.5113992094993591,0.2294587343931198,0.2819404900074005,0,0.0,1,0.012345679012345678,0,0.0,unknown,,
01578,0,val,C:\Users\z004hn4c\Documents\Estudo\LLMOps And AIOps Bootcamp With 8 End To End Projects\nexar-dashcam-collision-prediction\data\raw\train\01578.mp4,0.5097419023513794,0.2907617143110225,0.370238733291626,38,0,0.0,,9.5,0.5097419023513794,0.3150938153266907,0.1946480870246887,0,0.0,1,0.02631578947368421,0,0.0,unknown,,
01250,0,val,C:\Users\z004hn4c\Documents\Estudo\LLMOps And AIOps Bootcamp With 8 End To End Projects\nexar-dashcam-collision-prediction\data\raw\train\01250.mp4,0.5028716325759888,0.2042689821050491,0.3320202827453613,81,0,0.0,,38.5,0.5028716325759888,0.1127437204122543,0.3901278972625732,0,0.0,1,0.012345679012345678,0,0.0,unknown,,
01800,0,val,C:\Users\z004hn4c\Documents\Estudo\LLMOps And AIOps Bootcamp With 8 End To End Projects\nexar-dashcam-collision-prediction\data\raw\train\01800.mp4,0.4997504353523254,0.3763532719494384,0.4507306218147278,81,0,0.0,,7.5,0.4997504353523254,0.2383413463830948,0.2614091038703918,0,0.0,0,0.0,0,0.0,unknown,,
01988,0,val,C:\Users\z004hn4c\Documents\Estudo\LLMOps And AIOps Bootcamp With 8 End To End Projects\nexar-dashcam-collision-prediction\data\raw\train\01988.mp4,0.4995937347412109,0.3259752688974869,0.4345326781272888,82,0,0.0,,15.5,0.4995937347412109,0.2296529412269592,0.2699407935142517,0,0.0,0,0.0,0,0.0,unknown,,
01714,0,val,C:\Users\z004hn4c\Documents\Estudo\LLMOps And AIOps Bootcamp With 8 End To End Projects\nexar-dashcam-collision-prediction\data\raw\train\01714.mp4,0.4912977516651153,0.16924515688492925,0.27646005153656,81,0,0.0,,23.0,0.4912977516651153,0.1484284698963165,0.3428692817687988,0,0.0,0,0.0,0,0.0,unknown,,
02072,0,val,C:\Users\z004hn4c\Documents\Estudo\LLMOps And AIOps Bootcamp With 8 End To End Projects\nexar-dashcam-collision-prediction\data\raw\train\02072.mp4,0.4906208515167236,0.2007792299585556,0.2803876340389251,67,0,0.0,,0.5,0.4906208515167236,0.2697682976722717,0.2208525389432907,0,0.0,0,0.0,0,0.0,unknown,,
01550,0,val,C:\Users\z004hn4c\Documents\Estudo\LLMOps And AIOps Bootcamp With 8 End To End Projects\nexar-dashcam-collision-prediction\data\raw\train\01550.mp4,0.4842969179153442,0.32149768229573966,0.4352557718753815,80,0,0.0,,25.5,0.4842969179153442,0.2013018876314163,0.2829950451850891,0,0.0,0,0.0,0,0.0,unknown,,
01232,0,val,C:\Users\z004hn4c\Documents\Estudo\LLMOps And AIOps Bootcamp With 8 End To End Projects\nexar-dashcam-collision-prediction\data\raw\train\01232.mp4,0.4622586667537689,0.25458812713623047,0.3948512524366379,36,0,0.0,,5.5,0.4622586667537689,0.2212585061788559,0.241000160574913,0,0.0,0,0.0,0,0.0,unknown,,
01989,0,val,C:\Users\z004hn4c\Documents\Estudo\LLMOps And AIOps Bootcamp With 8 End To End Projects\nexar-dashcam-collision-prediction\data\raw\train\01989.mp4,0.4618731141090393,0.1991244430972051,0.31813646554946895,79,0,0.0,,13.0,0.4618731141090393,0.1611516177654266,0.3007214963436126,0,0.0,0,0.0,0,0.0,unknown,,
01060,0,val,C:\Users\z004hn4c\Documents\Estudo\LLMOps And AIOps Bootcamp With 8 End To End Projects\nexar-dashcam-collision-prediction\data\raw\train\01060.mp4,0.4608395099639892,0.20785322463438835,0.3153601884841919,81,0,0.0,,29.5,0.4608395099639892,0.2203408181667328,0.2404986917972564,0,0.0,0,0.0,0,0.0,unknown,,
01491,0,val,C:\Users\z004hn4c\Documents\Estudo\LLMOps And AIOps Bootcamp With 8 End To End Projects\nexar-dashcam-collision-prediction\data\raw\train\01491.mp4,0.4599266350269317,0.21340974093210408,0.3689726799726486,82,0,0.0,,6.0,0.4599266350269317,0.1451106369495391,0.3148159980773926,0,0.0,0,0.0,0,0.0,unknown,,
01511,0,val,C:\Users\z004hn4c\Documents\Estudo\LLMOps And AIOps Bootcamp With 8 End To End Projects\nexar-dashcam-collision-prediction\data\raw\train\01511.mp4,0.4548330903053283,0.13875083093132293,0.28388702869415283,77,0,0.0,,13.5,0.4548330903053283,0.215772196650505,0.2390608787536621,0,0.0,0,0.0,0,0.0,unknown,,
01394,0,val,C:\Users\z004hn4c\Documents\Estudo\LLMOps And AIOps Bootcamp With 8 End To End Projects\nexar-dashcam-collision-prediction\data\raw\train\01394.mp4,0.4465289711952209,0.22296083993033358,0.31227984726428987,38,0,0.0,,9.5,0.4465289711952209,0.1268966794013977,0.3196322917938232,0,0.0,0,0.0,0,0.0,unknown,,
01969,0,val,C:\Users\z004hn4c\Documents\Estudo\LLMOps And AIOps Bootcamp With 8 End To End Projects\nexar-dashcam-collision-prediction\data\raw\train\01969.mp4,0.4396170675754547,0.24702080605942525,0.338069349527359,81,0,0.0,,36.5,0.4396170675754547,0.1184142306447029,0.3212028443813324,0,0.0,0,0.0,0,0.0,unknown,,
01288,0,val,C:\Users\z004hn4c\Documents\Estudo\LLMOps And AIOps Bootcamp With 8 End To End Projects\nexar-dashcam-collision-prediction\data\raw\train\01288.mp4,0.4243009388446808,0.37938710964388317,0.4154061079025268,36,0,0.0,,0.0,0.4243009388446808,0.1305942833423614,0.2937066555023193,0,0.0,0,0.0,0,0.0,unknown,,
01683,0,val,C:\Users\z004hn4c\Documents\Estudo\LLMOps And AIOps Bootcamp With 8 End To End Projects\nexar-dashcam-collision-prediction\data\raw\train\01683.mp4,0.4014382362365722,0.20922755036089155,0.3104911148548126,81,0,0.0,,37.5,0.4014382362365722,0.1491738259792328,0.2522644102573395,0,0.0,0,0.0,0,0.0,unknown,,
01574,0,val,C:\Users\z004hn4c\Documents\Estudo\LLMOps And AIOps Bootcamp With 8 End To End Projects\nexar-dashcam-collision-prediction\data\raw\train\01574.mp4,0.3966990113258362,0.16240197585688695,0.2510022222995758,81,0,0.0,,19.5,0.3966990113258362,0.1141339913010597,0.282565027475357,0,0.0,0,0.0,0,0.0,unknown,,
01256,0,val,C:\Users\z004hn4c\Documents\Estudo\LLMOps And AIOps Bootcamp With 8 End To End Projects\nexar-dashcam-collision-prediction\data\raw\train\01256.mp4,0.394782543182373,0.29581941871179473,0.37579360604286194,36,0,0.0,,0.5,0.394782543182373,0.1421555280685424,0.2526270151138305,0,0.0,0,0.0,0,0.0,unknown,,
01554,0,val,C:\Users\z004hn4c\Documents\Estudo\LLMOps And AIOps Bootcamp With 8 End To End Projects\nexar-dashcam-collision-prediction\data\raw\train\01554.mp4,0.3888468146324157,0.24773005189167124,0.3341139256954193,36,0,0.0,,17.5,0.3888468146324157,0.0682916194200515,0.3205552101135254,0,0.0,0,0.0,0,0.0,unknown,,
02049,0,val,C:\Users\z004hn4c\Documents\Estudo\LLMOps And AIOps Bootcamp With 8 End To End Projects\nexar-dashcam-collision-prediction\data\raw\train\02049.mp4,0.3882200121879577,0.2027259399242039,0.27238796353340144,79,0,0.0,,0.5,0.3882200121879577,0.2193535417318344,0.1688664555549621,0,0.0,0,0.0,0,0.0,unknown,,
01737,0,val,C:\Users\z004hn4c\Documents\Estudo\LLMOps And AIOps Bootcamp With 8 End To End Projects\nexar-dashcam-collision-prediction\data\raw\train\01737.mp4,0.3848742842674255,0.20123326658834645,0.2841079831123352,81,0,0.0,,20.0,0.3848742842674255,0.1555553376674652,0.2293189615011215,0,0.0,0,0.0,0,0.0,unknown,,
01404,0,val,C:\Users\z004hn4c\Documents\Estudo\LLMOps And AIOps Bootcamp With 8 End To End Projects\nexar-dashcam-collision-prediction\data\raw\train\01404.mp4,0.3786398768424988,0.1942698996928003,0.3020384907722473,81,0,0.0,,12.0,0.3786398768424988,0.0985437259078025,0.2800961434841156,0,0.0,0,0.0,0,0.0,unknown,,
01109,0,val,C:\Users\z004hn4c\Documents\Estudo\LLMOps And AIOps Bootcamp With 8 End To End Projects\nexar-dashcam-collision-prediction\data\raw\train\01109.mp4,0.3583994805812835,0.20171138901769378,0.2951122522354126,81,0,0.0,,23.5,0.3583994805812835,0.0588177181780338,0.29958176612854,0,0.0,0,0.0,0,0.0,unknown,,
02006,0,val,C:\Users\z004hn4c\Documents\Estudo\LLMOps And AIOps Bootcamp With 8 End To End Projects\nexar-dashcam-collision-prediction\data\raw\train\02006.mp4,0.3401792049407959,0.12869569015355753,0.2083442062139511,81,0,0.0,,21.0,0.3401792049407959,0.1270521730184555,0.2131270319223404,0,0.0,0,0.0,0,0.0,unknown,,
01487,0,val,C:\Users\z004hn4c\Documents\Estudo\LLMOps And AIOps Bootcamp With 8 End To End Projects\nexar-dashcam-collision-prediction\data\raw\train\01487.mp4,0.3231037557125091,0.15304915805028962,0.23957601189613337,79,0,0.0,,34.5,0.3231037557125091,0.1198982521891594,0.2032054960727691,0,0.0,0,0.0,0,0.0,unknown,,
01791,0,val,C:\Users\z004hn4c\Documents\Estudo\LLMOps And AIOps Bootcamp With 8 End To End Projects\nexar-dashcam-collision-prediction\data\raw\train\01791.mp4,0.310547798871994,0.13253984508323077,0.1945618093013763,81,0,0.0,,20.5,0.310547798871994,0.0761519819498062,0.2343958169221878,0,0.0,0,0.0,0,0.0,unknown,,
01813,0,val,C:\Users\z004hn4c\Documents\Estudo\LLMOps And AIOps Bootcamp With 8 End To End Projects\nexar-dashcam-collision-prediction\data\raw\train\01813.mp4,0.2761946320533752,0.15288559057646323,0.20926313847303385,36,0,0.0,,14.0,0.2761946320533752,0.1457023620605468,0.1304922699928283,0,0.0,0,0.0,0,0.0,unknown,,
01917,0,val,C:\Users\z004hn4c\Documents\Estudo\LLMOps And AIOps Bootcamp With 8 End To End Projects\nexar-dashcam-collision-prediction\data\raw\train\01917.mp4,0.2746754586696625,0.2156940243310398,0.26301081478595734,36,0,0.0,,0.0,0.2746754586696625,0.0744512751698494,0.2002241909503936,0,0.0,0,0.0,0,0.0,unknown,,
01259,0,val,C:\Users\z004hn4c\Documents\Estudo\LLMOps And AIOps Bootcamp With 8 End To End Projects\nexar-dashcam-collision-prediction\data\raw\train\01259.mp4,0.2177237570285797,0.14210471704050343,0.1816137731075287,81,0,0.0,,1.0,0.2177237570285797,0.099487654864788,0.1182361096143722,0,0.0,0,0.0,0,0.0,unknown,,
02026,0,val,C:\Users\z004hn4c\Documents\Estudo\LLMOps And AIOps Bootcamp With 8 End To End Projects\nexar-dashcam-collision-prediction\data\raw\train\02026.mp4,0.1933601200580597,0.08777500940486785,0.1338931396603584,80,0,0.0,,7.5,0.1933601200580597,0.0729663521051406,0.120393767952919,0,0.0,0,0.0,0,0.0,unknown,,
01734,0,val,C:\Users\z004hn4c\Documents\Estudo\LLMOps And AIOps Bootcamp With 8 End To End Projects\nexar-dashcam-collision-prediction\data\raw\train\01734.mp4,0.1854492425918579,0.14871785319165176,0.1788936719298362,38,0,0.0,,16.5,0.1854492425918579,0.1172213330864906,0.0682279020547866,0,0.0,0,0.0,0,0.0,unknown,,
